"ID"	"largest_party"	"largest_party_percent"	"valdeltagande"	"KLARA_VALDISTRIKT"	"ALLA_VALDISTRIKT"	"MANDAT_M"	"MANDAT_ANDRING_M"	"ROSTER_M"	"PROCENT_M"	"PROCENT_ANDRING_M"	"MANDAT_C"	"MANDAT_ANDRING_C"	"ROSTER_C"	"PROCENT_C"	"PROCENT_ANDRING_C"	"MANDAT_FP"	"MANDAT_ANDRING_FP"	"ROSTER_FP"	"PROCENT_FP"	"PROCENT_ANDRING_FP"	"MANDAT_KD"	"MANDAT_ANDRING_KD"	"ROSTER_KD"	"PROCENT_KD"	"PROCENT_ANDRING_KD"	"MANDAT_S"	"MANDAT_ANDRING_S"	"ROSTER_S"	"PROCENT_S"	"PROCENT_ANDRING_S"	"MANDAT_V"	"MANDAT_ANDRING_V"	"ROSTER_V"	"PROCENT_V"	"PROCENT_ANDRING_V"	"MANDAT_MP"	"MANDAT_ANDRING_MP"	"ROSTER_MP"	"PROCENT_MP"	"PROCENT_ANDRING_MP"	"MANDAT_SD"	"MANDAT_ANDRING_SD"	"ROSTER_SD"	"PROCENT_SD"	"PROCENT_ANDRING_SD"	"MANDAT_FI"	"MANDAT_ANDRING_FI"	"ROSTER_FI"	"PROCENT_FI"	"PROCENT_ANDRING_FI"
"0780"	"S"	"S"	"85,7"	50	50	0	0	13216	24.1	-7.5	0	0	4235	7.7	0.2	0	0	2343	4.3	-2.9	0	0	2761	5	-0.9	0	0	17161	31.3	2.5	0	0	2801	5.1	-0.1	0	0	3855	7	-0.6	0	0	6739	12.3	7.2	0	0	1278	2.3	2
"1487"	"S"	"S"	"83,0"	30	30	0	0	4205	17.8	-8.2	0	0	1556	6.6	0.8	0	0	1138	4.8	-2.6	0	0	1058	4.5	-0.9	0	0	8296	35.1	0.9	0	0	1566	6.6	-0.1	0	0	1404	5.9	-1.1	0	0	3788	16	9.7	0	0	451	1.9	1.4
"1765"	"S"	"S"	"80,6"	6	6	0	0	1029	19.1	-5.4	0	0	676	12.6	-1.6	0	0	308	5.7	-1.5	0	0	431	8	-0.4	0	0	1591	29.6	-2.4	0	0	171	3.2	0	0	0	124	2.3	-0.6	0	0	977	18.2	11.5	0	0	36	0.7	0.6
"1293"	"S"	"S"	"83,3"	32	32	0	0	6019	18.9	-10	0	0	1946	6.1	-1.9	0	0	1218	3.8	-2	0	0	1650	5.2	-0.7	0	0	9550	30	1.5	0	0	981	3.1	-0.1	0	0	2165	6.8	0.9	0	0	7534	23.7	10.7	0	0	539	1.7	1.5
"2403"	"S"	"S"	"78,6"	1	1	0	0	321	21.4	-5.1	0	0	183	12.2	-1.9	0	0	84	5.6	-2.4	0	0	92	6.1	-0.4	0	0	571	38.1	1.9	0	0	65	4.3	0.6	0	0	26	1.7	-0.2	0	0	141	9.4	7	0	0	11	0.7	0.7
"1445"	"S"	"S"	"83,2"	3	3	0	0	863	24.4	-7.1	0	0	412	11.7	-1	0	0	102	2.9	-2.1	0	0	150	4.2	-2.2	0	0	1094	30.9	1.5	0	0	131	3.7	-0.1	0	0	142	4	0.1	0	0	561	15.9	9.7	0	0	63	1.8	1.7
"1439"	"S"	"S"	"82,9"	4	4	0	0	536	13.1	-11.3	0	0	574	14	-1	0	0	130	3.2	-1.7	0	0	155	3.8	-1.5	0	0	1398	34.2	0	0	0	138	3.4	-0.7	0	0	99	2.4	-0.4	0	0	986	24.1	15.6	0	0	43	1.1	0.9
"1438"	"S"	"S"	"80,9"	6	6	0	0	519	18.6	-8.5	0	0	381	13.7	-2.2	0	0	78	2.8	-1.8	0	0	199	7.1	-2.3	0	0	822	29.5	0.9	0	0	72	2.6	-1.2	0	0	75	2.7	-0.8	0	0	571	20.5	14.3	0	0	37	1.3	1
"0512"	"S"	"S"	"89,2"	4	4	0	0	446	17.6	-7.8	0	0	414	16.4	0.2	0	0	86	3.4	-1.7	0	0	247	9.8	-1.7	0	0	743	29.4	1.1	0	0	83	3.3	0.4	0	0	105	4.1	-0.5	0	0	365	14.4	8.7	0	0	33	1.3	1.3
"1292"	"M"	"M"	"83,6"	22	22	0	0	7698	29.4	-11.2	0	0	1627	6.2	-0.3	0	0	1205	4.6	-1.9	0	0	1229	4.7	-1.2	0	0	7000	26.7	4	0	0	713	2.7	0.1	0	0	1501	5.7	-0.2	0	0	4640	17.7	10	0	0	399	1.5	1.3
"0885"	"S"	"S"	"84,4"	9	9	0	0	1802	24.5	-7.3	0	0	1092	14.8	-2.2	0	0	254	3.5	-1.5	0	0	377	5.1	-2.3	0	0	1906	25.9	2.4	0	0	270	3.7	0.2	0	0	317	4.3	-1.6	0	0	1130	15.4	10.3	0	0	158	2.1	1.8
"1444"	"S"	"S"	"85,6"	3	3	0	0	894	23.6	-8	0	0	496	13.1	-1.1	0	0	123	3.2	-1.9	0	0	159	4.2	0	0	0	1163	30.7	0.2	0	0	149	3.9	0.4	0	0	131	3.5	-0.1	0	0	596	15.7	9.4	0	0	44	1.2	1
"1470"	"S"	"S"	"84,7"	8	8	0	0	2620	25.7	-7.4	0	0	1124	11	-1.4	0	0	327	3.2	-2.4	0	0	420	4.1	-2	0	0	3035	29.8	1.4	0	0	410	4	-0.1	0	0	339	3.3	-0.3	0	0	1735	17	11.3	0	0	109	1.1	0.8
"1766"	"S"	"S"	"84,2"	11	11	0	0	1856	21.4	-6	0	0	1197	13.8	-3.1	0	0	348	4	-0.9	0	0	299	3.5	-1	0	0	3039	35.1	2.4	0	0	309	3.6	-0.9	0	0	297	3.4	-0.5	0	0	1103	12.7	8.7	0	0	151	1.7	1.5
"2409"	"S"	"S"	"83,3"	4	4	0	0	492	11.3	-2.2	0	0	749	17.2	-3.8	0	0	126	2.9	-0.9	0	0	202	4.6	-1.3	0	0	1840	42.2	1.2	0	0	388	8.9	1.7	0	0	143	3.3	-1	0	0	298	6.8	4.5	0	0	87	2	1.8
"2326"	"S"	"S"	"81,6"	5	5	0	0	773	16.9	-4.7	0	0	723	15.8	-1.9	0	0	79	1.7	-0.9	0	0	79	1.7	-0.8	0	0	1788	39.2	-0.4	0	0	207	4.5	-0.5	0	0	165	3.6	-1.7	0	0	646	14.1	9.7	0	0	77	1.7	1.6
"1461"	"S"	"S"	"81,6"	5	5	0	0	1027	18.4	-8	0	0	705	12.6	-0.7	0	0	181	3.2	-2.9	0	0	265	4.8	-1.7	0	0	1719	30.8	1	0	0	206	3.7	-1.3	0	0	179	3.2	-1.2	0	0	1181	21.2	13.6	0	0	85	1.5	1.2
"2260"	"S"	"S"	"81,9"	9	9	0	0	711	11.4	-7.4	0	0	466	7.4	-0.3	0	0	90	1.4	-1.6	0	0	167	2.7	-0.2	0	0	3138	50.2	-0.1	0	0	355	5.7	-1.1	0	0	114	1.8	-1.3	0	0	1007	16.1	10.3	0	0	90	1.4	1.3
"0509"	"S"	"S"	"82,1"	4	4	0	0	610	18.4	-7.9	0	0	316	9.5	-0.2	0	0	91	2.7	-1	0	0	342	10.3	-2.1	0	0	1048	31.6	0.3	0	0	99	3	-0.9	0	0	154	4.6	-1	0	0	566	17.1	11.1	0	0	65	2	1.6
"1466"	"S"	"S"	"77,5"	5	5	0	0	1039	18.8	-5.9	0	0	681	12.3	-0.7	0	0	238	4.3	-2.9	0	0	377	6.8	-2.3	0	0	1619	29.3	2.1	0	0	238	4.3	-0.5	0	0	228	4.1	-1.1	0	0	971	17.6	9.7	0	0	87	1.6	1.4
"0604"	"S"	"S"	"86,7"	3	3	0	0	720	16.8	-5.5	0	0	530	12.3	-0.1	0	0	123	2.9	-2.2	0	0	589	13.7	-3.9	0	0	1257	29.3	2.4	0	0	109	2.5	-0.4	0	0	199	4.6	0.1	0	0	709	16.5	8.9	0	0	32	0.7	0.7
"1435"	"M"	"M"	"83,4"	7	7	0	0	2243	27.9	-4.7	0	0	1091	13.6	-2	0	0	530	6.6	-2.7	0	0	307	3.8	-2	0	0	1895	23.6	1.5	0	0	316	3.9	0.5	0	0	404	5	-0.9	0	0	941	11.7	7.4	0	0	252	3.1	2.8
"1814"	"S"	"S"	"87,2"	6	6	0	0	821	16.9	-7.8	0	0	658	13.5	0.5	0	0	151	3.1	-1.3	0	0	329	6.8	-2	0	0	1454	29.9	-0.9	0	0	209	4.3	-0.2	0	0	206	4.2	-1	0	0	882	18.1	10.7	0	0	92	1.9	1.6
"0834"	"S"	"S"	"85,0"	5	5	0	0	745	16.1	-9.2	0	0	636	13.8	-0.9	0	0	156	3.4	-0.3	0	0	187	4.1	-2	0	0	1555	33.7	-0.3	0	0	145	3.1	-0.6	0	0	144	3.1	-1.5	0	0	960	20.8	13.6	0	0	59	1.3	1.2
"2425"	"S"	"S"	"79,4"	2	2	0	0	120	6.9	-4.2	0	0	191	11	1.6	0	0	111	6.4	-1.1	0	0	47	2.7	0	0	0	853	49.2	-5.7	0	0	190	11	1.6	0	0	27	1.6	0.7	0	0	166	9.6	6.8	0	0	20	1.2	0
"2404"	"S"	"S"	"81,2"	4	4	0	0	521	15.4	-4.8	0	0	369	10.9	-2.2	0	0	124	3.7	-2.1	0	0	204	6	-0.6	0	0	1359	40.1	-1.3	0	0	269	7.9	2.2	0	0	97	2.9	-0.2	0	0	326	9.6	6.3	0	0	65	1.9	1.7
"2132"	"S"	"S"	"82,3"	5	5	0	0	873	14.5	-4.3	0	0	574	9.5	-1.9	0	0	204	3.4	-2.2	0	0	223	3.7	-1.2	0	0	2346	39	1.1	0	0	341	5.7	-1.3	0	0	212	3.5	-0.9	0	0	1097	18.2	9.7	0	0	100	1.7	1.5
"1270"	"S"	"S"	"82,2"	6	6	0	0	1656	20.5	-10.6	0	0	782	9.7	-0.2	0	0	233	2.9	-1.5	0	0	182	2.2	-0.6	0	0	2342	28.9	0.4	0	0	203	2.5	-0.4	0	0	333	4.1	-0.7	0	0	2082	25.7	12.4	0	0	185	2.3	1.9
"1430"	"S"	"S"	"80,1"	6	6	0	0	1232	19.6	-6.3	0	0	627	10	-1.8	0	0	196	3.1	-2.1	0	0	319	5.1	-2	0	0	2003	31.9	-1.1	0	0	345	5.5	0.4	0	0	188	3	-0.8	0	0	1212	19.3	12.1	0	0	109	1.7	1.5
"1737"	"S"	"S"	"77,0"	9	9	0	0	1241	17.3	-7.2	0	0	646	9	0.2	0	0	178	2.5	-1	0	0	203	2.8	-0.4	0	0	3144	43.8	-0.7	0	0	424	5.9	-1.2	0	0	178	2.5	-0.1	0	0	1037	14.4	10.2	0	0	85	1.2	1.1
"1460"	"S"	"S"	"82,1"	5	5	0	0	939	15.8	-7.1	0	0	573	9.7	-0.9	0	0	183	3.1	-2.1	0	0	265	4.5	-1.4	0	0	2233	37.7	-1.3	0	0	220	3.7	-1.5	0	0	193	3.3	-1.6	0	0	1141	19.2	13.6	0	0	134	2.3	2
"1730"	"S"	"S"	"78,2"	5	5	0	0	745	17.5	-5.3	0	0	478	11.2	-1	0	0	100	2.3	-1.3	0	0	137	3.2	-0.8	0	0	1786	41.9	-1.3	0	0	213	5	0.4	0	0	81	1.9	-0.8	0	0	656	15.4	9.7	0	0	40	0.9	0.8
"1473"	"S"	"S"	"83,0"	5	5	0	0	1063	18.3	-6.4	0	0	702	12.1	0.5	0	0	151	2.6	-1.3	0	0	221	3.8	-1.4	0	0	2072	35.8	-2	0	0	239	4.1	-1	0	0	216	3.7	-0.5	0	0	1005	17.3	10.9	0	0	77	1.3	1.2
"0765"	"S"	"S"	"83,9"	9	9	0	0	2155	22.1	-7.5	0	0	979	10.1	-1	0	0	297	3.1	-1.6	0	0	498	5.1	-0.8	0	0	3296	33.9	2	0	0	325	3.3	0.1	0	0	498	5.1	-0.2	0	0	1468	15.1	7.8	0	0	137	1.4	1.2
"1266"	"SD"	"SD"	"82,7"	8	8	0	0	1812	19.4	-14	0	0	844	9	-0.8	0	0	375	4	-2	0	0	343	3.7	-0.6	0	0	2327	24.9	2.2	0	0	254	2.7	0.1	0	0	436	4.7	0.2	0	0	2567	27.4	13.6	0	0	179	1.9	1.7
"1447"	"S"	"S"	"82,1"	3	3	0	0	518	15.9	-6.8	0	0	260	8	0.6	0	0	78	2.4	-2.5	0	0	127	3.9	-1.5	0	0	1390	42.6	-1.7	0	0	169	5.2	0.2	0	0	100	3.1	-0.6	0	0	535	16.4	10.2	0	0	56	1.7	1.6
"0684"	"S"	"S"	"85,9"	6	6	0	0	1242	18	-7.1	0	0	798	11.5	-0.8	0	0	153	2.2	-2.2	0	0	1064	15.4	-2.3	0	0	1888	27.3	2	0	0	184	2.7	-0.3	0	0	178	2.6	-0.2	0	0	1304	18.9	9.6	0	0	51	0.7	0.7
"2417"	"S"	"S"	"80,8"	3	3	0	0	220	8.6	-2.6	0	0	213	8.3	-1.5	0	0	95	3.7	-1.8	0	0	126	4.9	-1	0	0	1287	50.3	1.3	0	0	313	12.2	-0.2	0	0	30	1.2	-1.3	0	0	247	9.6	7.5	0	0	16	0.6	0.6
"0821"	"S"	"S"	"82,3"	5	5	0	0	502	14.4	-6.6	0	0	367	10.5	-0.9	0	0	68	2	-1.4	0	0	192	5.5	-0.5	0	0	1388	39.8	-1.7	0	0	139	4	-0.4	0	0	79	2.3	-1.3	0	0	697	20	12.5	0	0	36	1	0.7
"2303"	"S"	"S"	"81,5"	4	4	0	0	326	9.4	-5.3	0	0	444	12.9	-1	0	0	40	1.2	-0.6	0	0	54	1.6	0	0	0	1689	48.9	-2.1	0	0	250	7.2	-0.7	0	0	82	2.4	-0.9	0	0	477	13.8	10	0	0	59	1.7	1.4
"2313"	"S"	"S"	"82,1"	11	11	0	0	863	11.4	-6.1	0	0	768	10.1	-0.6	0	0	80	1.1	-1.2	0	0	155	2	0	0	0	3809	50.3	-0.5	0	0	540	7.1	-1	0	0	154	2	-0.8	0	0	1060	14	9.1	0	0	94	1.2	1.2
"0763"	"S"	"S"	"83,2"	7	7	0	0	1578	20.3	-9.9	0	0	1026	13.2	-2.3	0	0	171	2.2	-1.8	0	0	339	4.4	-1.5	0	0	2437	31.3	1.7	0	0	281	3.6	0.2	0	0	211	2.7	-0.9	0	0	1585	20.4	13.1	0	0	101	1.3	1.2
"0331"	"S"	"S"	"83,5"	6	6	0	0	1401	16.2	-7.5	0	0	1142	13.2	-1.3	0	0	235	2.7	-2.4	0	0	424	4.9	-0.7	0	0	3089	35.7	1.7	0	0	402	4.6	-0.2	0	0	304	3.5	-0.6	0	0	1425	16.5	9.5	0	0	156	1.8	1.4
"2101"	"S"	"S"	"79,9"	3	3	0	0	459	12.7	-7	0	0	415	11.4	-1.2	0	0	77	2.1	-1.3	0	0	78	2.1	-0.8	0	0	1421	39.2	-2	0	0	210	5.8	-0.4	0	0	128	3.5	-1.7	0	0	745	20.5	12.8	0	0	74	2	1.8
"0513"	"S"	"S"	"85,5"	6	6	0	0	1249	19.2	-5.8	0	0	678	10.4	-2.9	0	0	200	3.1	-1.9	0	0	407	6.3	-0.3	0	0	2080	32	-0.3	0	0	290	4.5	-0.3	0	0	312	4.8	-1.3	0	0	1091	16.8	10.6	0	0	109	1.7	1.5
"2401"	"S"	"S"	"82,6"	6	6	0	0	621	13.6	-3.6	0	0	514	11.3	0.6	0	0	233	5.1	-1.6	0	0	211	4.6	-0.9	0	0	1971	43.3	-2.4	0	0	412	9.1	2	0	0	103	2.3	-0.8	0	0	413	9.1	5.8	0	0	53	1.2	1.1
"1381"	"S"	"S"	"84,6"	15	15	0	0	3806	24.8	-8.6	0	0	1743	11.4	-1.7	0	0	589	3.8	-1.9	0	0	598	3.9	-0.8	0	0	4174	27.2	1.8	0	0	457	3	-0.2	0	0	759	4.9	0.5	0	0	2819	18.4	9.6	0	0	224	1.5	1.4
"1785"	"S"	"S"	"84,0"	9	9	0	0	1888	19	-8.4	0	0	1359	13.7	1.5	0	0	326	3.3	-2.2	0	0	423	4.3	-1.7	0	0	3322	33.4	-0.4	0	0	343	3.4	-0.4	0	0	323	3.2	-1	0	0	1793	18	11.6	0	0	121	1.2	1.1
"0563"	"S"	"S"	"85,1"	6	6	0	0	1045	19.9	-6.1	0	0	552	10.5	-1.3	0	0	142	2.7	-1.4	0	0	188	3.6	-1.6	0	0	1861	35.5	-1.8	0	0	194	3.7	-0.4	0	0	164	3.1	-1.2	0	0	976	18.6	12.2	0	0	60	1.1	1
"1499"	"S"	"S"	"86,5"	20	20	0	0	4148	19.9	-8	0	0	1929	9.2	-0.1	0	0	697	3.3	-1.9	0	0	1270	6.1	-1.8	0	0	6776	32.4	1.1	0	0	875	4.2	-0.4	0	0	1018	4.9	-0.3	0	0	3668	17.6	9.8	0	0	378	1.8	1.6
"2305"	"S"	"S"	"77,9"	6	6	0	0	501	12.8	-4.7	0	0	456	11.6	-0.7	0	0	82	2.1	-1.4	0	0	50	1.3	-0.1	0	0	1883	48	-2.1	0	0	241	6.1	-0.6	0	0	105	2.7	-0.9	0	0	496	12.6	8.8	0	0	46	1.2	1
"2462"	"S"	"S"	"82,1"	8	8	0	0	378	8.8	-2.9	0	0	349	8.1	1.3	0	0	110	2.6	-2.1	0	0	239	5.6	-0.6	0	0	1984	46.2	-5.6	0	0	481	11.2	2.8	0	0	96	2.2	-0.4	0	0	549	12.8	8.4	0	0	80	1.9	1.8
"1421"	"S"	"S"	"85,4"	12	12	0	0	2516	24.4	-9.5	0	0	893	8.7	-0.2	0	0	612	5.9	-2.4	0	0	468	4.5	-1.8	0	0	2840	27.5	1.8	0	0	540	5.2	0.5	0	0	544	5.3	-1	0	0	1577	15.3	10.6	0	0	257	2.5	2
"2421"	"S"	"S"	"78,2"	5	5	0	0	490	13.2	-4.8	0	0	351	9.5	-0.1	0	0	148	4	-1.5	0	0	240	6.5	-0.7	0	0	1516	40.8	-1.9	0	0	384	10.3	1.3	0	0	105	2.8	-0.6	0	0	425	11.4	8.1	0	0	40	1.1	1
"1465"	"S"	"S"	"81,9"	5	5	0	0	1365	21.4	-7.4	0	0	736	11.5	-2.7	0	0	252	3.9	-2.6	0	0	271	4.2	-1	0	0	1931	30.2	0.7	0	0	204	3.2	0.1	0	0	218	3.4	-0.3	0	0	1211	19	11	0	0	85	1.3	1.1
"2521"	"S"	"S"	"78,1"	5	5	0	0	365	9.4	-3.2	0	0	127	3.3	0	0	0	61	1.6	-0.5	0	0	207	5.3	-0.2	0	0	1801	46.4	-5.3	0	0	688	17.7	-1.1	0	0	88	2.3	0.5	0	0	445	11.5	7.7	0	0	76	2	0
"1315"	"S"	"S"	"80,9"	7	7	0	0	999	17	-8.6	0	0	712	12.1	-0.6	0	0	244	4.2	-2.4	0	0	191	3.3	-1.8	0	0	2164	36.9	2.2	0	0	167	2.8	-0.3	0	0	162	2.8	-0.9	0	0	1104	18.8	11.8	0	0	56	1	0.9
"0980"	"S"	"S"	"82,5"	41	41	0	0	8046	21.3	-3.9	0	0	5157	13.7	-1.2	0	0	1401	3.7	-0.9	0	0	1047	2.8	-0.2	0	0	12354	32.7	-0.8	0	0	2174	5.8	-0.2	0	0	2563	6.8	-1.2	0	0	3106	8.2	5.1	0	0	1574	4.2	3.4
"0884"	"S"	"S"	"84,7"	13	13	0	0	1900	18.9	-6.6	0	0	1178	11.7	-0.8	0	0	228	2.3	-1.7	0	0	505	5	-1.3	0	0	3673	36.5	0.8	0	0	434	4.3	0.1	0	0	383	3.8	-0.7	0	0	1566	15.5	9.2	0	0	126	1.3	1.1
"2513"	"S"	"S"	"82,1"	2	2	0	0	186	8.2	0.1	0	0	203	8.9	-0.1	0	0	39	1.7	-1.4	0	0	27	1.2	-0.2	0	0	1209	53	-8.2	0	0	238	10.4	-0.5	0	0	47	2.1	-0.2	0	0	294	12.9	9.2	0	0	28	1.2	1.1
"1882"	"S"	"S"	"85,4"	10	10	0	0	1295	17.2	-8.4	0	0	639	8.5	0.3	0	0	234	3.1	-1.9	0	0	329	4.4	-1.7	0	0	2874	38.2	-1.2	0	0	326	4.3	-0.2	0	0	303	4	-0.7	0	0	1334	17.7	12	0	0	110	1.5	1.3
"2021"	"S"	"S"	"81,2"	4	4	0	0	618	14.5	-5	0	0	599	14.1	0.1	0	0	91	2.1	-1.4	0	0	255	6	-0.8	0	0	1571	36.9	-3.8	0	0	244	5.7	0.1	0	0	109	2.6	0.1	0	0	686	16.1	10	0	0	33	0.8	0.6
"1278"	"M"	"M"	"82,9"	9	9	0	0	3311	34.4	-9.3	0	0	991	10.3	-2	0	0	580	6	-1.4	0	0	531	5.5	-1.7	0	0	1777	18.5	3	0	0	211	2.2	0.3	0	0	576	6	0.5	0	0	1438	14.9	9.3	0	0	148	1.5	1.4
"2121"	"S"	"S"	"83,6"	5	5	0	0	1088	14.4	-4.5	0	0	1009	13.4	-2.5	0	0	160	2.1	-1.5	0	0	619	8.2	-1.8	0	0	2766	36.6	-1.3	0	0	282	3.7	0.1	0	0	259	3.4	-0.5	0	0	1211	16	10.9	0	0	80	1.1	1
"0382"	"S"	"S"	"84,0"	14	14	0	0	2963	21	-7.2	0	0	1259	8.9	-1.8	0	0	588	4.2	-1.6	0	0	443	3.1	-1	0	0	5419	38.4	2.9	0	0	598	4.2	-0.2	0	0	509	3.6	-0.8	0	0	1874	13.3	7.8	0	0	269	1.9	1.7
"0560"	"S"	"S"	"86,9"	3	3	0	0	532	14.9	-5.2	0	0	296	8.3	-0.9	0	0	100	2.8	-0.9	0	0	160	4.5	-0.6	0	0	1590	44.4	-1.2	0	0	153	4.3	-1.4	0	0	145	4	-0.8	0	0	554	15.5	10	0	0	31	0.9	0.8
"1452"	"S"	"S"	"85,0"	8	8	0	0	1506	20.4	-6.3	0	0	984	13.3	-0.9	0	0	262	3.5	-2.4	0	0	309	4.2	-1.4	0	0	2484	33.6	1.4	0	0	233	3.2	0.1	0	0	318	4.3	-0.4	0	0	1138	15.4	8.5	0	0	110	1.5	1.3
"2422"	"S"	"S"	"74,5"	2	2	0	0	167	11.6	-3.9	0	0	139	9.6	-1.8	0	0	26	1.8	-1.8	0	0	84	5.8	-1.7	0	0	576	39.9	-2.3	0	0	195	13.5	1.8	0	0	44	3	-0.2	0	0	180	12.5	8.3	0	0	27	1.9	1.7
"2309"	"S"	"S"	"82,8"	10	10	0	0	1575	17.7	-3.5	0	0	1400	15.7	-2.7	0	0	207	2.3	-0.9	0	0	250	2.8	-0.5	0	0	3312	37.1	-0.3	0	0	593	6.6	0.4	0	0	402	4.5	-1.5	0	0	952	10.7	7.3	0	0	173	1.9	1.7
"1265"	"SD"	"SD"	"82,4"	12	12	0	0	2679	23.2	-11.8	0	0	899	7.8	-0.9	0	0	330	2.9	-2	0	0	390	3.4	-0.5	0	0	2743	23.7	0.2	0	0	262	2.3	-0.6	0	0	443	3.8	-0.2	0	0	3468	30	14.2	0	0	220	1.9	1.7
"0781"	"S"	"S"	"84,0"	14	14	0	0	3532	20.3	-7.6	0	0	1787	10.2	-2.6	0	0	542	3.1	-2	0	0	1024	5.9	-1.3	0	0	5855	33.6	2.6	0	0	725	4.2	0	0	0	704	4	-0.9	0	0	2868	16.4	10.4	0	0	214	1.2	1
"0360"	"S"	"S"	"83,6"	12	12	0	0	1963	15.1	-5.3	0	0	1273	9.8	-0.7	0	0	363	2.8	-1.8	0	0	384	3	-0.7	0	0	5576	42.9	-0.1	0	0	660	5.1	-0.3	0	0	517	4	-0.6	0	0	1855	14.3	8	0	0	243	1.9	1.6
"1498"	"S"	"S"	"85,9"	7	7	0	0	1275	15.2	-6.9	0	0	527	6.3	-0.5	0	0	245	2.9	-2.1	0	0	355	4.2	-1	0	0	3681	43.8	-0.2	0	0	387	4.6	-0.7	0	0	372	4.4	-0.2	0	0	1407	16.7	10.5	0	0	101	1.2	1
"0862"	"S"	"S"	"83,8"	6	6	0	0	964	16.4	-7.2	0	0	663	11.3	0.2	0	0	103	1.8	-1.3	0	0	236	4	-1.3	0	0	2363	40.3	-0.3	0	0	267	4.6	-0.7	0	0	223	3.8	-0.8	0	0	909	15.5	9.9	0	0	87	1.5	1.4
"2518"	"S"	"S"	"77,5"	4	4	0	0	276	10.5	-2.4	0	0	293	11.2	-0.3	0	0	52	2	-0.7	0	0	94	3.6	0.2	0	0	1251	47.6	-5.5	0	0	266	10.1	-0.4	0	0	67	2.6	0.2	0	0	288	11	7.6	0	0	30	1.1	0
"2082"	"S"	"S"	"85,4"	6	6	0	0	1325	18.3	-7.8	0	0	759	10.5	-1.3	0	0	212	2.9	-1.7	0	0	237	3.3	-1	0	0	2452	33.9	0	0	0	389	5.4	-0.2	0	0	271	3.8	-1.1	0	0	1362	18.8	11.1	0	0	163	2.3	1.9
"2321"	"S"	"S"	"79,9"	8	8	0	0	1339	21.2	-5.4	0	0	883	14	-0.8	0	0	185	2.9	-2.3	0	0	249	3.9	0	0	0	2050	32.5	0.6	0	0	308	4.9	0	0	0	527	8.4	0	0	0	598	9.5	6.3	0	0	143	2.3	1.9
"2418"	"S"	"S"	"80,7"	2	2	0	0	169	8.5	-6	0	0	91	4.6	1.1	0	0	91	4.6	-2.1	0	0	55	2.8	-1.4	0	0	1017	51.3	-1	0	0	261	13.2	0.2	0	0	46	2.3	-0.2	0	0	208	10.5	7.8	0	0	29	1.5	1.4
"1491"	"S"	"S"	"85,0"	12	12	0	0	3457	23	-6.4	0	0	1902	12.6	0.3	0	0	664	4.4	-2.4	0	0	858	5.7	-2.2	0	0	4117	27.4	1.2	0	0	663	4.4	0.5	0	0	848	5.6	-0.4	0	0	2234	14.8	8.2	0	0	219	1.5	1.3
"2031"	"S"	"S"	"82,5"	6	6	0	0	1515	20.9	-5.7	0	0	774	10.7	-0.6	0	0	265	3.6	-1.5	0	0	250	3.4	-1.4	0	0	2329	32.1	-2.2	0	0	329	4.5	0.8	0	0	334	4.6	-1.3	0	0	1234	17	10.9	0	0	136	1.9	1.4
"0840"	"S"	"S"	"88,3"	10	10	0	0	2466	24.9	-6.4	0	0	967	9.8	-1.3	0	0	397	4	-1.7	0	0	443	4.5	-2	0	0	2916	29.5	1.3	0	0	366	3.7	-0.6	0	0	531	5.4	-0.7	0	0	1512	15.3	9.3	0	0	246	2.5	2.2
"1783"	"S"	"S"	"81,1"	6	6	0	0	815	10.6	-3.5	0	0	412	5.4	-1.7	0	0	157	2	-2	0	0	163	2.1	0	0	0	4236	55.3	1.5	0	0	509	6.6	-2.6	0	0	132	1.7	-0.8	0	0	1109	14.5	9.1	0	0	86	1.1	1
"1981"	"S"	"S"	"82,2"	12	12	0	0	2754	19.9	-6.4	0	0	1480	10.7	-0.6	0	0	559	4	-2	0	0	499	3.6	-1.3	0	0	4700	34	0.3	0	0	641	4.6	-0.1	0	0	635	4.6	-1.1	0	0	2121	15.3	8.9	0	0	295	2.1	2
"1257"	"S"	"S"	"80,9"	7	7	0	0	1061	18	-11.4	0	0	359	6.1	-0.5	0	0	175	3	-2.9	0	0	575	9.8	-1.8	0	0	1643	27.9	2.2	0	0	138	2.3	-0.5	0	0	217	3.7	-0.4	0	0	1579	26.8	14.5	0	0	44	0.7	0.7
"1291"	"S"	"S"	"83,5"	15	15	0	0	3231	25.1	-11	0	0	979	7.6	0.1	0	0	582	4.5	-1.6	0	0	472	3.7	-1	0	0	3373	26.2	-0.5	0	0	457	3.5	0.2	0	0	736	5.7	-1	0	0	2483	19.3	11.7	0	0	495	3.8	3.1
"2161"	"S"	"S"	"80,9"	13	13	0	0	2201	18.7	-5.4	0	0	1024	8.7	-0.9	0	0	372	3.2	-1.3	0	0	284	2.4	-1.2	0	0	4337	36.8	-0.4	0	0	650	5.5	-1.9	0	0	554	4.7	-0.3	0	0	1955	16.6	9.7	0	0	308	2.6	2.4
"2283"	"S"	"S"	"83,8"	17	17	0	0	1344	10.4	-5	0	0	843	6.5	0.1	0	0	261	2	-1.5	0	0	262	2	-0.7	0	0	6950	54	1.4	0	0	844	6.6	-0.4	0	0	383	3	-1.4	0	0	1650	12.8	8.4	0	0	225	1.7	1.5
"0760"	"S"	"S"	"82,9"	5	5	0	0	964	17.5	-8	0	0	738	13.4	-1.1	0	0	150	2.7	-1.3	0	0	209	3.8	-1.5	0	0	1847	33.5	0.7	0	0	228	4.1	-0.8	0	0	154	2.8	-0.7	0	0	1113	20.2	11	0	0	68	1.2	1.1
"0860"	"S"	"S"	"82,7"	9	9	0	0	1227	14.3	-6.5	0	0	941	10.9	-0.8	0	0	177	2.1	-1.7	0	0	569	6.6	-1.8	0	0	3420	39.8	0.4	0	0	351	4.1	-1.3	0	0	227	2.6	-1.1	0	0	1521	17.7	11.6	0	0	85	1	0.7
"1471"	"S"	"S"	"85,6"	7	7	0	0	1604	18.8	-6.4	0	0	790	9.3	0.7	0	0	325	3.8	-2.3	0	0	537	6.3	-1.9	0	0	3103	36.4	1.6	0	0	440	5.2	0.3	0	0	397	4.7	-1.7	0	0	1092	12.8	8	0	0	175	2.1	1.9
"2023"	"S"	"S"	"83,6"	7	7	0	0	1464	22.4	-7.6	0	0	561	8.6	0.2	0	0	241	3.7	-2.2	0	0	147	2.2	-0.3	0	0	2384	36.4	-0.5	0	0	306	4.7	-2.1	0	0	173	2.6	-0.1	0	0	1140	17.4	11.9	0	0	55	0.8	0.8
"2034"	"S"	"S"	"82,1"	5	5	0	0	652	14.7	-6.7	0	0	476	10.7	0.3	0	0	120	2.7	-1.9	0	0	145	3.3	-1.4	0	0	1483	33.4	-3.2	0	0	244	5.5	-0.4	0	0	209	4.7	-1.5	0	0	934	21	11.9	0	0	121	2.7	2.5
"0685"	"S"	"S"	"81,8"	14	14	0	0	3035	18.5	-6.8	0	0	1820	11.1	-0.4	0	0	573	3.5	-2	0	0	1540	9.4	-2	0	0	5285	32.2	1.6	0	0	568	3.5	-0.7	0	0	642	3.9	-0.5	0	0	2686	16.3	9.8	0	0	188	1.1	1.1
"1497"	"S"	"S"	"86,2"	6	6	0	0	1364	23	-6	0	0	463	7.8	0.6	0	0	303	5.1	-2.5	0	0	382	6.4	-2	0	0	1846	31.1	0	0	0	271	4.6	0.1	0	0	314	5.3	-0.9	0	0	863	14.5	9.3	0	0	102	1.7	1.5
"1214"	"S"	"S"	"83,4"	8	8	0	0	1419	17.6	-9.8	0	0	790	9.8	-2	0	0	277	3.4	-2.3	0	0	209	2.6	-0.8	0	0	2383	29.5	0.5	0	0	243	3	-0.4	0	0	365	4.5	-0.2	0	0	2139	26.5	13.3	0	0	174	2.2	2
"1885"	"S"	"S"	"84,5"	16	16	0	0	2505	16.8	-6.7	0	0	1120	7.5	-0.5	0	0	421	2.8	-2.1	0	0	555	3.7	-1.2	0	0	5535	37.1	-1.7	0	0	630	4.2	-0.4	0	0	676	4.5	-0.5	0	0	3131	21	11.7	0	0	208	1.4	1.2
"2029"	"S"	"S"	"84,7"	9	9	0	0	2424	23.7	-7.4	0	0	1033	10.1	0.7	0	0	393	3.8	-1.5	0	0	767	7.5	-1.5	0	0	3026	29.6	0.4	0	0	489	4.8	0.6	0	0	573	5.6	-0.8	0	0	1203	11.8	7.7	0	0	249	2.4	2
"0767"	"S"	"S"	"81,3"	5	5	0	0	1126	19.7	-7.7	0	0	435	7.6	-2.4	0	0	93	1.6	-1.8	0	0	427	7.5	-2.8	0	0	1978	34.6	1.6	0	0	134	2.3	-0.4	0	0	196	3.4	0	0	0	1208	21.1	12	0	0	50	0.9	0.9
"1784"	"S"	"S"	"82,5"	16	16	0	0	2890	17.6	-6	0	0	1304	8	-0.3	0	0	569	3.5	-2.1	0	0	611	3.7	-0.6	0	0	6490	39.6	0.2	0	0	991	6.1	-0.4	0	0	799	4.9	-1.2	0	0	2265	13.8	8.4	0	0	371	2.3	1.9
"1273"	"S"	"S"	"83,6"	9	9	0	0	1286	16	-8.3	0	0	480	6	-3.3	0	0	209	2.6	-2.1	0	0	390	4.9	-0.6	0	0	2838	35.3	0.5	0	0	275	3.4	0.5	0	0	330	4.1	-1.1	0	0	2055	25.6	12.8	0	0	93	1.2	1.1
"0561"	"S"	"S"	"85,6"	9	9	0	0	1401	18.3	-6.7	0	0	611	8	-0.3	0	0	212	2.8	-2	0	0	293	3.8	-1.3	0	0	3071	40.1	-1.6	0	0	287	3.7	-0.6	0	0	328	4.3	-0.9	0	0	1320	17.2	12.2	0	0	87	1.1	1
"0764"	"S"	"S"	"85,1"	11	11	0	0	2432	20.4	-9.8	0	0	1274	10.7	-0.5	0	0	279	2.3	-2.4	0	0	502	4.2	-1.2	0	0	3704	31.1	0	0	0	473	4	-0.5	0	0	401	3.4	-0.8	0	0	2575	21.6	13.8	0	0	157	1.3	1.1
"2506"	"S"	"S"	"77,1"	1	1	0	0	174	9.8	-4.7	0	0	125	7	1.2	0	0	57	3.2	-2.5	0	0	64	3.6	-1.1	0	0	785	44.2	-2.9	0	0	213	12	0.3	0	0	62	3.5	-0.9	0	0	264	14.9	9.9	0	0	25	1.4	1.2
"2282"	"S"	"S"	"83,8"	14	14	0	0	1392	11.4	-4.2	0	0	1178	9.6	-0.3	0	0	200	1.6	-1.4	0	0	296	2.4	-1	0	0	6400	52.2	1.4	0	0	898	7.3	-1.1	0	0	387	3.2	-1.3	0	0	1189	9.7	6.6	0	0	253	2.1	1.6
"1860"	"S"	"S"	"82,1"	5	5	0	0	485	13.5	-5.7	0	0	206	5.7	0.3	0	0	107	3	-2.3	0	0	191	5.3	-1.1	0	0	1592	44.4	-5.1	0	0	195	5.4	0.3	0	0	109	3	0.1	0	0	643	17.9	12.5	0	0	33	0.9	0
"0428"	"S"	"S"	"85,9"	7	7	0	0	943	16.5	-7.4	0	0	368	6.4	-0.5	0	0	150	2.6	-1.5	0	0	205	3.6	-1.1	0	0	2248	39.4	-2.6	0	0	231	4	0	0	0	253	4.4	-1.9	0	0	1168	20.5	13.3	0	0	96	1.7	1.5
"0686"	"S"	"S"	"85,4"	11	11	0	0	2226	20.4	-8.2	0	0	1235	11.3	0.1	0	0	471	4.3	-1.6	0	0	942	8.6	-2.6	0	0	3388	31	3.1	0	0	369	3.4	-0.2	0	0	572	5.2	0.1	0	0	1456	13.3	7.6	0	0	161	1.5	1.3
"2083"	"S"	"S"	"82,8"	8	8	0	0	1713	17.7	-6.3	0	0	905	9.3	-0.3	0	0	272	2.8	-0.6	0	0	303	3.1	-1.5	0	0	3434	35.4	-1.2	0	0	580	6	-0.4	0	0	413	4.3	-1.6	0	0	1694	17.5	9.2	0	0	227	2.3	2
"2062"	"S"	"S"	"83,0"	11	11	0	0	2584	19.6	-7.2	0	0	1310	9.9	0.9	0	0	373	2.8	-2	0	0	403	3.1	-1.5	0	0	4707	35.7	-0.7	0	0	586	4.4	-0.1	0	0	600	4.5	-1.3	0	0	2247	17	11	0	0	221	1.7	1.5
"1760"	"S"	"S"	"82,6"	3	3	0	0	301	12	-5.6	0	0	166	6.6	0.1	0	0	42	1.7	-1.5	0	0	91	3.6	-0.4	0	0	1224	48.9	-2.2	0	0	155	6.2	-1.2	0	0	59	2.4	-1	0	0	441	17.6	11.9	0	0	13	0.5	0.4
"2039"	"S"	"S"	"83,5"	6	6	0	0	629	13.7	-9.2	0	0	434	9.4	-1.2	0	0	105	2.3	-0.8	0	0	105	2.3	-1.5	0	0	1919	41.8	-0.1	0	0	204	4.4	-0.8	0	0	101	2.2	-1.4	0	0	999	21.8	14	0	0	53	1.2	1
"2505"	"S"	"S"	"81,0"	6	6	0	0	405	9.8	-3.3	0	0	260	6.3	-1	0	0	129	3.1	-1	0	0	74	1.8	-0.2	0	0	2170	52.6	-1.8	0	0	414	10	-1.1	0	0	68	1.6	-0.9	0	0	534	12.9	8.6	0	0	46	1.1	1.1
"1463"	"S"	"S"	"84,3"	19	19	0	0	4057	18.8	-5.6	0	0	1935	9	-0.4	0	0	1114	5.2	-2.4	0	0	1127	5.2	-1.5	0	0	7203	33.4	-0.7	0	0	1198	5.6	0	0	0	1145	5.3	-0.3	0	0	3189	14.8	9	0	0	415	1.9	1.7
"0665"	"S"	"S"	"85,2"	8	8	0	0	1481	17.7	-6.8	0	0	674	8.1	0.2	0	0	254	3	-1.4	0	0	998	12	-2.9	0	0	2872	34.4	1.1	0	0	291	3.5	0.2	0	0	330	4	0.4	0	0	1293	15.5	8	0	0	77	0.9	0.8
"1904"	"S"	"S"	"83,4"	2	2	0	0	381	13.4	-3.4	0	0	182	6.4	-0.1	0	0	146	5.1	-2.8	0	0	68	2.4	-0.5	0	0	1232	43.2	-3.2	0	0	178	6.2	-1.1	0	0	84	2.9	-1.9	0	0	514	18	11.3	0	0	49	1.7	1.7
"0582"	"S"	"S"	"86,2"	9	9	0	0	2487	26	-7.4	0	0	841	8.8	-1.3	0	0	417	4.4	-1.5	0	0	479	5	-1.6	0	0	2594	27.1	0.9	0	0	358	3.7	-0.5	0	0	530	5.5	-1.5	0	0	1585	16.6	11.5	0	0	175	1.8	1.4
"1446"	"S"	"S"	"85,6"	5	5	0	0	805	17.3	-9.4	0	0	458	9.9	-1.2	0	0	267	5.7	-2	0	0	264	5.7	-0.9	0	0	1649	35.5	1.6	0	0	145	3.1	-0.2	0	0	155	3.3	-0.8	0	0	827	17.8	12	0	0	57	1.2	1.1
"2481"	"S"	"S"	"81,7"	8	8	0	0	1100	14.1	-2.7	0	0	321	4.1	-0.2	0	0	292	3.7	-1.4	0	0	560	7.2	-0.9	0	0	3604	46.3	-3.2	0	0	808	10.4	1.8	0	0	168	2.2	-1.1	0	0	814	10.4	6.9	0	0	94	1.2	1.1
"2183"	"S"	"S"	"82,5"	17	17	0	0	2563	15.2	-7.1	0	0	1423	8.4	-1.2	0	0	514	3	-2.3	0	0	539	3.2	-1.1	0	0	6574	39	2	0	0	995	5.9	-0.9	0	0	693	4.1	-1.1	0	0	3141	18.6	10.2	0	0	323	1.9	1.7
"2026"	"S"	"S"	"85,6"	7	7	0	0	1170	17.8	-5.9	0	0	774	11.8	-0.6	0	0	206	3.1	-0.8	0	0	274	4.2	-1.6	0	0	2178	33.1	-2	0	0	340	5.2	0.2	0	0	280	4.3	-1.7	0	0	1140	17.3	10.2	0	0	165	2.5	2.3
"0881"	"S"	"S"	"83,8"	14	14	0	0	2198	17.3	-7.1	0	0	1337	10.5	0.5	0	0	326	2.6	-1.1	0	0	583	4.6	-1.6	0	0	4700	37	-1.8	0	0	681	5.4	-0.7	0	0	411	3.2	-0.7	0	0	2175	17.1	11.3	0	0	155	1.2	1.1
"1861"	"S"	"S"	"86,8"	11	11	0	0	1471	14.6	-6.2	0	0	624	6.2	-0.1	0	0	287	2.8	-1.9	0	0	437	4.3	-0.9	0	0	4429	43.9	-1	0	0	510	5.1	-0.8	0	0	428	4.2	-0.5	0	0	1686	16.7	10.1	0	0	155	1.5	1.4
"2284"	"S"	"S"	"85,6"	41	41	0	0	5442	14.8	-4.2	0	0	3329	9	-0.4	0	0	1000	2.7	-1.5	0	0	2270	6.2	-0.7	0	0	18462	50.2	3.1	0	0	1572	4.3	0.2	0	0	1290	3.5	-1	0	0	2574	7	4	0	0	586	1.6	1.4
"0861"	"S"	"S"	"85,7"	9	9	0	0	1459	16.9	-6.3	0	0	830	9.6	-0.9	0	0	205	2.4	-1.9	0	0	366	4.2	-1.4	0	0	3389	39.3	-0.3	0	0	383	4.4	-0.9	0	0	259	3	-1.2	0	0	1594	18.5	11.9	0	0	93	1.1	0.9
"0584"	"S"	"S"	"85,1"	5	5	0	0	1282	25.2	-5.7	0	0	349	6.9	0.6	0	0	183	3.6	-3.1	0	0	296	5.8	-0.9	0	0	1696	33.4	0.3	0	0	188	3.7	-0.2	0	0	307	6	-0.4	0	0	639	12.6	7.6	0	0	109	2.1	1.9
"1495"	"S"	"S"	"84,9"	10	10	0	0	2566	21.4	-8.1	0	0	944	7.9	0.5	0	0	417	3.5	-2.3	0	0	513	4.3	-1.3	0	0	4160	34.6	0.1	0	0	521	4.3	-0.2	0	0	623	5.2	-1	0	0	1940	16.2	10.6	0	0	228	1.9	1.6
"0617"	"S"	"S"	"83,1"	6	6	0	0	1152	20.6	-4.7	0	0	488	8.7	0.8	0	0	162	2.9	-1.8	0	0	811	14.5	-4.8	0	0	1700	30.3	0.6	0	0	150	2.7	0	0	0	181	3.2	0.5	0	0	897	16	9	0	0	42	0.7	0.7
"1764"	"S"	"S"	"79,9"	8	8	0	0	853	15.2	-5.8	0	0	421	7.5	0.3	0	0	134	2.4	-1.4	0	0	177	3.2	-0.1	0	0	2704	48.3	-0.9	0	0	242	4.3	-1	0	0	141	2.5	-1	0	0	828	14.8	9.4	0	0	63	1.1	1.1
"1382"	"S"	"S"	"82,5"	26	26	0	0	6233	23.2	-5.6	0	0	3061	11.4	-1.3	0	0	1086	4	-2.8	0	0	1047	3.9	-0.9	0	0	8830	32.9	2.9	0	0	1030	3.8	0.2	0	0	1493	5.6	-0.3	0	0	3476	13	7.2	0	0	421	1.6	1.4
"0662"	"S"	"S"	"83,6"	19	19	0	0	3877	21.8	-6.5	0	0	1799	10.1	0.3	0	0	573	3.2	-2.1	0	0	959	5.4	-2.2	0	0	6289	35.4	1	0	0	545	3.1	0.2	0	0	641	3.6	-0.3	0	0	2832	15.9	8.7	0	0	138	0.8	0.7
"1443"	"S"	"S"	"86,3"	5	5	0	0	1374	24.7	-8.2	0	0	441	7.9	0.7	0	0	259	4.6	-1.9	0	0	288	5.2	-1.5	0	0	1510	27.1	0.2	0	0	238	4.3	-0.4	0	0	286	5.1	-0.9	0	0	1038	18.6	10.5	0	0	97	1.7	1.6
"1494"	"S"	"S"	"87,1"	22	22	0	0	5188	19.7	-6.6	0	0	1841	7	-0.2	0	0	1334	5.1	-1.7	0	0	1419	5.4	-1.1	0	0	9548	36.3	0.8	0	0	1488	5.7	0	0	0	1519	5.8	-0.5	0	0	3296	12.5	7.4	0	0	470	1.8	1.6
"0682"	"S"	"S"	"85,3"	17	17	0	0	3115	16.6	-7.5	0	0	1325	7	0	0	0	533	2.8	-2.1	0	0	1748	9.3	-1.7	0	0	6374	33.9	-0.6	0	0	775	4.1	-0.8	0	0	950	5.1	0	0	0	3647	19.4	11.6	0	0	210	1.1	1
"1256"	"S"	"S"	"84,2"	8	8	0	0	1429	16.4	-8.3	0	0	508	5.8	-0.2	0	0	266	3.1	-3	0	0	327	3.8	-0.4	0	0	3132	35.9	-0.9	0	0	285	3.3	-0.2	0	0	314	3.6	-0.5	0	0	2273	26.1	12.3	0	0	100	1.1	0.8
"0381"	"S"	"S"	"84,2"	22	22	0	0	6884	26.4	-8.3	0	0	2346	9	-1.1	0	0	1276	4.9	-0.3	0	0	1049	4	-0.6	0	0	7942	30.5	1	0	0	962	3.7	0.1	0	0	1406	5.4	-0.5	0	0	3525	13.5	8.1	0	0	450	1.7	1.5
"1462"	"S"	"S"	"81,4"	8	8	0	0	1220	15.4	-6.9	0	0	505	6.4	-0.2	0	0	282	3.6	-2.4	0	0	241	3	-0.8	0	0	2804	35.4	-2.6	0	0	505	6.4	-0.8	0	0	314	4	-0.6	0	0	1804	22.8	12.7	0	0	163	2.1	1.7
"2482"	"S"	"S"	"83,9"	49	49	0	0	5017	10.6	-3.6	0	0	2744	5.8	-0.2	0	0	1808	3.8	-1.9	0	0	1887	4	-1.4	0	0	23737	50.4	0.6	0	0	4395	9.3	-0.2	0	0	2457	5.2	-0.4	0	0	3642	7.7	4.8	0	0	1086	2.3	2.1
"1715"	"S"	"S"	"85,6"	8	8	0	0	1467	18.8	-7.2	0	0	671	8.6	-0.5	0	0	255	3.3	-2.4	0	0	328	4.2	-0.9	0	0	3048	39.1	0.7	0	0	397	5.1	0	0	0	337	4.3	-0.8	0	0	1145	14.7	10	0	0	107	1.4	1.2
"0188"	"S"	"S"	"83,5"	39	39	0	0	10468	27.9	-8.2	0	0	2790	7.4	-0.6	0	0	1729	4.6	-2	0	0	1363	3.6	-1.3	0	0	11286	30.1	3.4	0	0	1681	4.5	0.1	0	0	2316	6.2	-0.9	0	0	4646	12.4	7.3	0	0	855	2.3	1.9
"1264"	"S"	"S"	"84,7"	10	10	0	0	2233	23.6	-11.5	0	0	635	6.7	-0.5	0	0	348	3.7	-2.7	0	0	219	2.3	-0.5	0	0	2713	28.7	2.3	0	0	313	3.3	0.6	0	0	366	3.9	-0.2	0	0	2379	25.2	11.6	0	0	155	1.6	1.2
"2184"	"S"	"S"	"82,9"	21	21	0	0	3827	16.1	-5.7	0	0	2193	9.2	-0.9	0	0	671	2.8	-1.3	0	0	794	3.3	-1.1	0	0	9208	38.6	1.5	0	0	1662	7	-1.1	0	0	1406	5.9	-1.1	0	0	3275	13.7	8	0	0	565	2.4	2.1
"1486"	"S"	"S"	"79,7"	8	8	0	0	1566	23	-6.1	0	0	649	9.5	-1.4	0	0	499	7.3	-1.3	0	0	282	4.1	-1.1	0	0	1844	27.1	-1	0	0	303	4.5	0.3	0	0	511	7.5	-0.7	0	0	920	13.5	9	0	0	175	2.6	2.4
"1060"	"S"	"S"	"82,2"	7	7	0	0	1095	13.4	-5.4	0	0	463	5.7	-0.4	0	0	166	2	-1.6	0	0	281	3.4	-1.2	0	0	3785	46.2	-0.9	0	0	398	4.9	-0.8	0	0	273	3.3	-0.3	0	0	1560	19.1	9.3	0	0	92	1.1	1
"1276"	"S"	"S"	"80,1"	9	9	0	0	1861	18.9	-11.8	0	0	518	5.3	-0.5	0	0	270	2.7	-2.4	0	0	403	4.1	-1.2	0	0	3326	33.9	1.8	0	0	338	3.4	-0.5	0	0	372	3.8	0.1	0	0	2525	25.7	13.4	0	0	131	1.3	1.3
"1884"	"S"	"S"	"81,3"	9	9	0	0	1063	16.3	-8	0	0	492	7.5	1.4	0	0	234	3.6	-2.9	0	0	252	3.9	-1.6	0	0	2607	39.9	-0.7	0	0	359	5.5	1	0	0	326	5	-1.1	0	0	998	15.3	9.5	0	0	134	2	1.9
"1472"	"S"	"S"	"85,8"	6	6	0	0	1194	16.9	-6.5	0	0	519	7.4	0.1	0	0	326	4.6	-2.6	0	0	496	7	-3.1	0	0	2629	37.3	0.9	0	0	254	3.6	-0.7	0	0	303	4.3	0	0	0	1187	16.8	10.4	0	0	106	1.5	1.3
"0643"	"S"	"S"	"89,6"	6	6	0	0	1599	22.6	-7.8	0	0	461	6.5	1	0	0	263	3.7	-2.3	0	0	959	13.5	-2.8	0	0	1973	27.9	0.8	0	0	225	3.2	0.1	0	0	372	5.3	0.2	0	0	1097	15.5	9.4	0	0	74	1	1
"1862"	"S"	"S"	"84,2"	7	7	0	0	662	10.6	-3	0	0	258	4.1	0.3	0	0	118	1.9	-1.2	0	0	214	3.4	-0.9	0	0	3211	51.4	-2.1	0	0	503	8	-2.9	0	0	247	4	-1	0	0	902	14.4	9.2	0	0	92	1.5	1.5
"0482"	"S"	"S"	"83,1"	10	10	0	0	1801	18.4	-5.9	0	0	745	7.6	-0.6	0	0	333	3.4	-1.4	0	0	343	3.5	-1.3	0	0	3591	36.6	-2.3	0	0	537	5.5	0	0	0	471	4.8	-0.9	0	0	1746	17.8	11	0	0	154	1.6	1.4
"0319"	"S"	"S"	"84,0"	6	6	0	0	745	12.8	-6.4	0	0	181	3.1	-0.2	0	0	166	2.8	-2.2	0	0	126	2.2	-0.3	0	0	2768	47.4	-2	0	0	362	6.2	-0.5	0	0	208	3.6	-1.6	0	0	1164	19.9	12.1	0	0	79	1.4	1.2
"0461"	"S"	"S"	"85,4"	7	7	0	0	1570	23.3	-6.3	0	0	590	8.8	-0.1	0	0	221	3.3	-2.5	0	0	200	3	-1	0	0	2051	30.4	1.5	0	0	395	5.9	0.2	0	0	510	7.6	-2.1	0	0	890	13.2	7.2	0	0	243	3.6	3.1
"2061"	"S"	"S"	"86,0"	7	7	0	0	1075	14.8	-4.8	0	0	396	5.5	0.3	0	0	133	1.8	-1.6	0	0	158	2.2	-0.4	0	0	3234	44.6	-6.6	0	0	483	6.7	0.1	0	0	255	3.5	-0.5	0	0	1342	18.5	12.1	0	0	131	1.8	1.7
"1419"	"M"	"M"	"86,5"	12	12	0	0	3003	29	-7.1	0	0	563	5.4	-0.3	0	0	777	7.5	-2.4	0	0	1063	10.2	-3.1	0	0	2304	22.2	1.8	0	0	353	3.4	0.5	0	0	559	5.4	-0.3	0	0	1463	14.1	9	0	0	216	2.1	1.8
"1081"	"S"	"S"	"85,3"	19	19	0	0	3259	17.8	-8.9	0	0	1268	6.9	-0.7	0	0	630	3.4	-1.2	0	0	530	2.9	-0.7	0	0	6644	36.2	1.4	0	0	957	5.2	-0.7	0	0	698	3.8	-1.1	0	0	3953	21.6	10.6	0	0	262	1.4	1.2
"1762"	"S"	"S"	"76,6"	3	3	0	0	200	9	-2.5	0	0	139	6.3	-1.2	0	0	77	3.5	-2.4	0	0	42	1.9	-0.9	0	0	1309	59.1	2.5	0	0	107	4.8	-1.6	0	0	46	2.1	-0.4	0	0	247	11.1	6.2	0	0	40	1.8	1.7
"1383"	"S"	"S"	"86,7"	36	36	0	0	10154	25.2	-6.6	0	0	3718	9.2	-0.7	0	0	2106	5.2	-2.2	0	0	1700	4.2	-1	0	0	12723	31.6	2.3	0	0	1671	4.1	0	0	0	2395	5.9	-0.1	0	0	4674	11.6	6.9	0	0	758	1.9	1.7
"1493"	"S"	"S"	"83,9"	14	14	0	0	3426	21.9	-6.1	0	0	998	6.4	1.1	0	0	560	3.6	-2	0	0	730	4.7	-1.1	0	0	5849	37.4	0	0	0	822	5.3	-0.6	0	0	777	5	-0.9	0	0	2115	13.5	8.4	0	0	253	1.6	1.4
"0586"	"S"	"S"	"85,4"	18	18	0	0	3649	21	-4.9	0	0	1118	6.4	-0.4	0	0	736	4.2	-2.2	0	0	834	4.8	-0.8	0	0	6570	37.8	-0.2	0	0	747	4.3	-0.8	0	0	736	4.2	-1.5	0	0	2604	15	10.2	0	0	246	1.4	1.3
"1275"	"S"	"S"	"77,0"	5	5	0	0	675	17.1	-10.7	0	0	197	5	-0.7	0	0	118	3	-2.1	0	0	111	2.8	-1.2	0	0	1489	37.7	1.5	0	0	129	3.3	-1.5	0	0	160	4	-0.2	0	0	1000	25.3	14.4	0	0	38	1	0.8
"1984"	"S"	"S"	"83,3"	8	8	0	0	1801	20.6	-5.7	0	0	482	5.5	-0.3	0	0	340	3.9	-2.9	0	0	308	3.5	-1	0	0	3388	38.7	0.9	0	0	442	5	-0.6	0	0	448	5.1	-1	0	0	1346	15.4	9.4	0	0	141	1.6	1.5
"1083"	"S"	"S"	"85,1"	10	10	0	0	2497	22.4	-9.1	0	0	509	4.6	-0.3	0	0	318	2.9	-1.2	0	0	334	3	-1	0	0	3709	33.3	-1.4	0	0	351	3.1	-0.8	0	0	419	3.8	-0.1	0	0	2807	25.2	12.9	0	0	137	1.2	1.1
"2514"	"S"	"S"	"84,0"	10	10	0	0	1244	11.5	-2.5	0	0	508	4.7	-0.2	0	0	257	2.4	-1.3	0	0	229	2.1	0	0	0	6030	55.9	-3.7	0	0	677	6.3	-0.1	0	0	428	4	-1.3	0	0	1254	11.6	8.1	0	0	137	1.3	1.2
"0683"	"S"	"S"	"85,2"	23	23	0	0	4318	20.2	-4.9	0	0	2407	11.2	-0.6	0	0	620	2.9	-1.8	0	0	2100	9.8	-2.8	0	0	7249	33.9	2.4	0	0	635	3	0.1	0	0	856	4	-0.2	0	0	2884	13.5	6.8	0	0	206	1	0.9
"1267"	"S"	"S"	"84,0"	9	9	0	0	2196	22.4	-12.3	0	0	682	7	0.7	0	0	459	4.7	-2.6	0	0	370	3.8	-0.9	0	0	2512	25.6	2.9	0	0	430	4.4	0.7	0	0	745	7.6	0.3	0	0	2071	21.1	9.5	0	0	222	2.3	2
"1864"	"S"	"S"	"79,8"	5	5	0	0	360	12.1	-7.3	0	0	157	5.3	-0.5	0	0	66	2.2	-0.9	0	0	65	2.2	-1.5	0	0	1263	42.4	-2.2	0	0	201	6.8	-1	0	0	92	3.1	-1	0	0	707	23.8	14	0	0	40	1.3	1.2
"1492"	"S"	"S"	"81,6"	6	6	0	0	1285	16.6	-8.2	0	0	559	7.2	0.6	0	0	302	3.9	-2.2	0	0	277	3.6	-1.6	0	0	3046	39.3	-0.6	0	0	393	5.1	-0.3	0	0	371	4.8	-1.1	0	0	1323	17.1	11.6	0	0	140	1.8	1.6
"1960"	"S"	"S"	"84,7"	5	5	0	0	969	18.6	-8.7	0	0	377	7.2	0.3	0	0	257	4.9	-2	0	0	234	4.5	-0.3	0	0	1902	36.4	1	0	0	261	5	-0.6	0	0	190	3.6	-1.3	0	0	915	17.5	10.4	0	0	80	1.5	1.4
"1285"	"S"	"S"	"83,2"	18	18	0	0	3939	20	-9.5	0	0	1328	6.8	-0.2	0	0	857	4.4	-2.6	0	0	458	2.3	-0.5	0	0	6439	32.8	0.5	0	0	723	3.7	0.5	0	0	1119	5.7	1	0	0	4242	21.6	9.7	0	0	382	1.9	1.6
"0562"	"S"	"S"	"84,0"	17	17	0	0	2147	15.8	-6.1	0	0	694	5.1	-0.5	0	0	443	3.3	-1.3	0	0	623	4.6	-1.2	0	0	5924	43.7	-0.8	0	0	699	5.2	-0.9	0	0	605	4.5	-1.2	0	0	2086	15.4	10.2	0	0	227	1.7	1.4
"0642"	"S"	"S"	"88,1"	4	4	0	0	775	16.5	-9	0	0	240	5.1	0.2	0	0	155	3.3	-1.8	0	0	800	17.1	-1.8	0	0	1348	28.8	0.8	0	0	228	4.9	0	0	0	277	5.9	0.2	0	0	754	16.1	10	0	0	66	1.4	1.3
"2084"	"S"	"S"	"84,2"	12	12	0	0	2192	15.3	-7.6	0	0	814	5.7	-0.6	0	0	441	3.1	-1.7	0	0	426	3	-0.5	0	0	6017	42.1	-2.2	0	0	800	5.6	0.2	0	0	503	3.5	-1.3	0	0	2775	19.4	12.2	0	0	203	1.4	1.2
"0882"	"S"	"S"	"85,0"	17	17	0	0	3620	21	-6.6	0	0	799	4.6	-0.3	0	0	746	4.3	-1.4	0	0	999	5.8	-1.5	0	0	6548	38	0.6	0	0	848	4.9	-0.7	0	0	560	3.2	-0.9	0	0	2811	16.3	10.1	0	0	206	1.2	1
"2510"	"S"	"S"	"78,3"	4	4	0	0	277	8.8	-4.6	0	0	77	2.4	-1.4	0	0	99	3.1	-1.9	0	0	40	1.3	-0.7	0	0	1536	48.9	-4.3	0	0	307	9.8	-0.6	0	0	298	9.5	2	0	0	402	12.8	9.4	0	0	86	2.7	2.5
"1781"	"S"	"S"	"85,3"	18	18	0	0	3080	19.3	-6.1	0	0	1011	6.3	0.2	0	0	762	4.8	-1.3	0	0	610	3.8	-0.6	0	0	6611	41.4	0.5	0	0	894	5.6	-0.8	0	0	800	5	-0.4	0	0	1826	11.4	7	0	0	262	1.6	1.5
"1962"	"S"	"S"	"83,6"	4	4	0	0	516	14.2	-5.9	0	0	160	4.4	-0.4	0	0	104	2.9	-1.9	0	0	85	2.3	-0.6	0	0	1414	38.8	-3.7	0	0	319	8.8	-2.3	0	0	152	4.2	-1.5	0	0	741	20.4	13.1	0	0	92	2.5	2.2
"1983"	"S"	"S"	"82,9"	14	14	0	0	2726	17.3	-6	0	0	955	6.1	-0.4	0	0	584	3.7	-1.6	0	0	492	3.1	-0.8	0	0	6427	40.9	-0.2	0	0	873	5.6	-1.2	0	0	614	3.9	-1.2	0	0	2745	17.5	10.5	0	0	206	1.3	1.1
"2583"	"S"	"S"	"67,6"	7	7	0	0	546	13.2	-3.7	0	0	352	8.5	1.2	0	0	67	1.6	0.1	0	0	110	2.7	0	0	0	2103	50.7	-10.1	0	0	200	4.8	0.4	0	0	110	2.7	0.4	0	0	563	13.6	9.8	0	0	68	1.6	1.5
"1290"	"S"	"S"	"82,0"	39	39	0	0	11275	22.4	-9.1	0	0	2618	5.2	-0.2	0	0	3204	6.4	-2.6	0	0	1644	3.3	-0.5	0	0	15021	29.9	1.1	0	0	1531	3	-0.3	0	0	2880	5.7	0.4	0	0	10920	21.7	9.9	0	0	747	1.5	1.2
"1080"	"S"	"S"	"85,9"	39	39	0	0	8605	20.6	-8	0	0	2443	5.9	0.3	0	0	2154	5.2	-1.3	0	0	1644	3.9	-0.3	0	0	15249	36.6	1	0	0	1888	4.5	0.2	0	0	2187	5.2	-0.2	0	0	6488	15.6	6.6	0	0	711	1.7	1.5
"1782"	"S"	"S"	"81,8"	10	10	0	0	796	12.2	-6.3	0	0	258	4	0.2	0	0	146	2.2	-1.8	0	0	135	2.1	-0.8	0	0	3046	46.7	-5.3	0	0	430	6.6	-1.6	0	0	187	2.9	-0.7	0	0	1405	21.5	15.3	0	0	81	1.2	1.2
"0483"	"S"	"S"	"84,4"	20	20	0	0	3969	19	-5.9	0	0	1335	6.4	-0.1	0	0	886	4.2	-2.5	0	0	736	3.5	-0.8	0	0	8303	39.7	1.2	0	0	973	4.7	0.1	0	0	1226	5.9	-1.6	0	0	2999	14.3	8.1	0	0	371	1.8	1.6
"1763"	"S"	"S"	"83,6"	5	5	0	0	1082	14.9	-6.2	0	0	416	5.7	0.6	0	0	225	3.1	-2.1	0	0	251	3.5	-0.8	0	0	3460	47.6	-0.4	0	0	355	4.9	-0.5	0	0	284	3.9	-1	0	0	1026	14.1	8.9	0	0	107	1.5	1.4
"2262"	"S"	"S"	"84,6"	10	10	0	0	1502	13	-5.5	0	0	561	4.8	-0.7	0	0	403	3.5	-1.4	0	0	305	2.6	-0.2	0	0	5847	50.5	0.4	0	0	772	6.7	-0.6	0	0	337	2.9	-0.7	0	0	1606	13.9	7.9	0	0	175	1.5	1.3
"0687"	"S"	"S"	"85,7"	12	12	0	0	2273	18.9	-7.9	0	0	780	6.5	0	0	0	442	3.7	-1.7	0	0	930	7.7	-1.9	0	0	4374	36.3	1.3	0	0	477	4	0.1	0	0	651	5.4	-0.7	0	0	1874	15.6	9.2	0	0	172	1.4	1.3
"2104"	"S"	"S"	"75,7"	4	4	0	0	606	11.1	-4.4	0	0	258	4.7	0.7	0	0	150	2.7	-2.3	0	0	100	1.8	-0.1	0	0	2608	47.7	-2.2	0	0	580	10.6	-0.3	0	0	161	2.9	-1.1	0	0	869	15.9	8.5	0	0	86	1.6	1.3
"1272"	"S"	"S"	"83,3"	6	6	0	0	1155	14.8	-7.6	0	0	230	3	-0.6	0	0	224	2.9	-2.6	0	0	163	2.1	-0.7	0	0	2928	37.6	-3.6	0	0	393	5	0.4	0	0	342	4.4	0.5	0	0	2175	27.9	12.5	0	0	70	0.9	0.7
"2182"	"S"	"S"	"83,1"	14	14	0	0	2509	15.1	-5	0	0	1164	7	0.1	0	0	428	2.6	-1.3	0	0	464	2.8	-0.5	0	0	7251	43.5	-0.2	0	0	1034	6.2	-0.8	0	0	669	4	-1	0	0	2661	16	7.6	0	0	283	1.7	1.6
"1484"	"S"	"S"	"82,6"	10	10	0	0	1668	17.7	-7.7	0	0	505	5.4	1.1	0	0	581	6.2	-3.9	0	0	400	4.2	-0.4	0	0	3374	35.8	-1.3	0	0	572	6.1	0.5	0	0	526	5.6	-0.7	0	0	1512	16.1	10.3	0	0	225	2.4	2.1
"1286"	"S"	"S"	"84,1"	18	18	0	0	5429	28.1	-9.7	0	0	1196	6.2	0.4	0	0	905	4.7	-1.8	0	0	573	3	-0.5	0	0	5848	30.3	1.7	0	0	564	2.9	0.4	0	0	999	5.2	-0.2	0	0	3249	16.8	8.4	0	0	378	2	1.6
"1489"	"S"	"S"	"86,1"	26	26	0	0	5782	22.6	-5.3	0	0	1732	6.8	0.5	0	0	1760	6.9	-3.2	0	0	1763	6.9	-1.9	0	0	7091	27.7	1.8	0	0	1529	6	-0.2	0	0	2241	8.7	-0.6	0	0	2789	10.9	6.1	0	0	734	2.9	2.6
"1496"	"S"	"S"	"85,0"	27	27	0	0	8158	23.7	-6.5	0	0	2540	7.4	-0.2	0	0	1894	5.5	-1.8	0	0	1713	5	-1.3	0	0	11394	33.1	1.9	0	0	1357	3.9	-0.7	0	0	1922	5.6	-0.6	0	0	4399	12.8	7.5	0	0	654	1.9	1.6
"0761"	"S"	"S"	"85,4"	6	6	0	0	788	16.1	-7.9	0	0	339	6.9	-0.6	0	0	99	2	-2.4	0	0	118	2.4	-0.6	0	0	2059	42	0.3	0	0	284	5.8	0.1	0	0	214	4.4	-1.3	0	0	884	18	10.5	0	0	87	1.8	1.6
"2581"	"S"	"S"	"88,4"	31	32	0	0	3248	11.7	-2.2	0	0	1398	5	0.1	0	0	814	2.9	-1.3	0	0	998	3.6	-0.5	0	0	14880	53.6	-2.9	0	0	2214	8	0.1	0	0	1280	4.6	-0.6	0	0	2068	7.4	5.1	0	0	734	2.6	2.4
"2181"	"S"	"S"	"84,9"	17	17	0	0	3760	15.4	-5.5	0	0	1252	5.1	-0.4	0	0	893	3.7	-1.4	0	0	664	2.7	-1	0	0	10702	43.9	-0.5	0	0	1734	7.1	-1	0	0	930	3.8	-1.1	0	0	3731	15.3	9.2	0	0	448	1.8	1.6
"2080"	"S"	"S"	"85,2"	35	35	0	0	8620	23.2	-5.6	0	0	3013	8.1	0	0	0	1658	4.5	-1.3	0	0	1434	3.9	-1.1	0	0	11342	30.5	-1.3	0	0	2188	5.9	0.5	0	0	2601	7	-0.9	0	0	4823	13	7.4	0	0	1174	3.2	2.7
"1277"	"S"	"S"	"77,9"	10	10	0	0	1432	17.7	-11.3	0	0	323	4	-0.4	0	0	255	3.1	-1.6	0	0	263	3.2	-0.5	0	0	3141	38.7	0.2	0	0	251	3.1	0.3	0	0	312	3.8	0.1	0	0	1974	24.3	12.4	0	0	88	1.1	1
"1415"	"M"	"M"	"85,4"	16	16	0	0	4557	28.4	-7.7	0	0	949	5.9	-0.1	0	0	1047	6.5	-2.1	0	0	704	4.4	-1.8	0	0	4462	27.8	2	0	0	677	4.2	0.1	0	0	995	6.2	-0.7	0	0	2189	13.7	8.8	0	0	315	2	1.7
"1482"	"S"	"S"	"87,2"	28	28	0	0	7338	26.1	-7	0	0	1870	6.6	0	0	0	1856	6.6	-2.5	0	0	1609	5.7	-1.5	0	0	7634	27.1	1	0	0	1361	4.8	0.4	0	0	1765	6.3	0	0	0	3862	13.7	7.5	0	0	603	2.1	1.8
"2523"	"S"	"S"	"79,9"	14	14	0	0	1271	10.8	-3.3	0	0	207	1.8	0.1	0	0	162	1.4	-0.9	0	0	266	2.3	0	0	0	5958	50.7	-5.4	0	0	1375	11.7	-2	0	0	469	4	0.4	0	0	1782	15.2	10.2	0	0	188	1.6	1.4
"1485"	"S"	"S"	"84,4"	32	32	0	0	6952	20.4	-8.3	0	0	1658	4.9	-0.2	0	0	1629	4.8	-1.8	0	0	1825	5.4	-1.4	0	0	11560	34	0.4	0	0	2039	6	0.8	0	0	2010	5.9	-1	0	0	5255	15.4	9.3	0	0	811	2.4	2
"2380"	"S"	"S"	"84,3"	35	35	0	0	7482	18.9	-5	0	0	3852	9.7	-2	0	0	1464	3.7	-0.7	0	0	1074	2.7	-0.5	0	0	15098	38.1	0.1	0	0	2603	6.6	0.1	0	0	2830	7.1	-0.8	0	0	3702	9.3	6.2	0	0	1213	3.1	2.7
"1863"	"S"	"S"	"81,4"	4	4	0	0	556	12.8	-4.8	0	0	202	4.7	-0.1	0	0	93	2.1	-1.5	0	0	87	2	-0.4	0	0	2063	47.6	-3.7	0	0	281	6.5	-0.8	0	0	134	3.1	-1.3	0	0	780	18	10.7	0	0	78	1.8	1.4
"0480"	"S"	"S"	"85,7"	31	31	0	0	8049	23.1	-4.8	0	0	2096	6	0	0	0	1562	4.5	-2.5	0	0	1533	4.4	-1	0	0	11937	34.2	-0.3	0	0	1685	4.8	0.1	0	0	2576	7.4	-0.7	0	0	4373	12.5	7.2	0	0	861	2.5	2.1
"1082"	"S"	"S"	"84,2"	18	18	0	0	3842	18.7	-7.4	0	0	989	4.8	-0.2	0	0	605	2.9	-2.4	0	0	633	3.1	-0.4	0	0	7978	38.8	1.1	0	0	1019	5	-1	0	0	1142	5.6	-0.6	0	0	3813	18.5	9.2	0	0	406	2	1.8
"0583"	"S"	"S"	"85,6"	25	25	0	0	5170	18.6	-5.3	0	0	1397	5	0.4	0	0	1230	4.4	-1.8	0	0	1048	3.8	-0.8	0	0	11125	40	-3.2	0	0	1339	4.8	-0.6	0	0	1328	4.8	-0.3	0	0	4528	16.3	10.6	0	0	378	1.4	1.2
"2582"	"S"	"S"	"84,4"	22	22	0	0	2807	15.3	-5.5	0	0	676	3.7	0	0	0	736	4	-0.7	0	0	528	2.9	-0.3	0	0	8557	46.5	-3.6	0	0	1222	6.6	-1.3	0	0	649	3.5	-0.6	0	0	2747	14.9	10.4	0	0	358	1.9	1.7
"1881"	"S"	"S"	"85,5"	10	10	0	0	2367	17.9	-5.4	0	0	670	5.1	-0.1	0	0	649	4.9	-1.4	0	0	768	5.8	-1.1	0	0	5058	38.3	-2.9	0	0	560	4.2	0.1	0	0	645	4.9	0.3	0	0	2153	16.3	9.1	0	0	218	1.7	1.5
"1442"	"S"	"S"	"86,8"	7	7	0	0	1298	18	-5.1	0	0	867	12.1	0.1	0	0	312	4.3	-3.9	0	0	751	10.4	-2.8	0	0	2007	27.9	1.2	0	0	307	4.3	0.3	0	0	369	5.1	-1	0	0	1131	15.7	9.9	0	0	101	1.4	1.2
"1427"	"M"	"M"	"83,5"	5	5	0	0	1928	31.5	-7.3	0	0	322	5.3	0.7	0	0	414	6.8	-1.5	0	0	327	5.3	-2.7	0	0	1787	29.2	1.6	0	0	239	3.9	0.1	0	0	227	3.7	-0.5	0	0	755	12.3	8.2	0	0	104	1.7	1.5
"2281"	"S"	"S"	"84,6"	53	53	0	0	12407	19.7	-6.6	0	0	3322	5.3	0.1	0	0	2813	4.5	-2.2	0	0	2150	3.4	-0.5	0	0	26151	41.4	2.8	0	0	3538	5.6	-0.4	0	0	3184	5	-1.1	0	0	7416	11.7	6.3	0	0	1603	2.5	2.2
"2361"	"S"	"S"	"80,5"	10	10	0	0	1113	17	-5.1	0	0	690	10.5	1	0	0	135	2.1	-1.8	0	0	127	1.9	-0.4	0	0	2851	43.4	-1.4	0	0	335	5.1	-0.9	0	0	179	2.7	-1	0	0	998	15.2	8.3	0	0	93	1.4	1.3
"0305"	"M"	"M"	"86,3"	10	10	0	0	4199	33.8	-8.7	0	0	607	4.9	-0.1	0	0	605	4.9	-2.3	0	0	532	4.3	-0.4	0	0	3202	25.8	0.8	0	0	419	3.4	0.3	0	0	677	5.5	0	0	0	1849	14.9	9	0	0	191	1.5	1.3
"0330"	"M"	"M"	"82,1"	8	8	0	0	2736	30.7	-7.8	0	0	727	8.1	-1.3	0	0	580	6.5	-3.2	0	0	596	6.7	-0.4	0	0	1955	21.9	2.9	0	0	345	3.9	0.5	0	0	702	7.9	0.7	0	0	970	10.9	6.4	0	0	225	2.5	2.1
"1287"	"S"	"S"	"83,5"	27	27	0	0	6338	23.7	-10.1	0	0	1058	4	0	0	0	1047	3.9	-1.9	0	0	670	2.5	-1.2	0	0	8817	33	2.1	0	0	649	2.4	-0.1	0	0	1132	4.2	0.4	0	0	6405	24	10.1	0	0	376	1.4	1.2
"2560"	"S"	"S"	"83,6"	4	4	0	0	431	8.1	-2.5	0	0	323	6.1	-0.2	0	0	142	2.7	-1.3	0	0	165	3.1	-0.5	0	0	2868	53.8	-0.9	0	0	491	9.2	-2.6	0	0	116	2.2	-0.5	0	0	680	12.8	7.6	0	0	79	1.5	1.3
"0880"	"S"	"S"	"85,6"	40	40	0	0	9996	23.5	-6.2	0	0	2881	6.8	0.3	0	0	1883	4.4	-1.7	0	0	1910	4.5	-1.1	0	0	14061	33	-0.1	0	0	1917	4.5	-0.3	0	0	2881	6.8	-1	0	0	5647	13.3	7.8	0	0	1093	2.6	2.4
"2085"	"S"	"S"	"84,0"	18	18	0	0	2519	15.2	-5.4	0	0	678	4.1	0.2	0	0	507	3.1	-2	0	0	395	2.4	-1	0	0	6770	40.8	-4.4	0	0	1258	7.6	-0.7	0	0	750	4.5	-0.5	0	0	3323	20	12.4	0	0	273	1.6	1.5
"1440"	"S"	"S"	"84,9"	17	17	0	0	3898	22.2	-5.9	0	0	899	5.1	0.1	0	0	767	4.4	-2.2	0	0	770	4.4	-1.4	0	0	5688	32.4	-0.7	0	0	1097	6.3	0.1	0	0	982	5.6	-0.3	0	0	2858	16.3	8.2	0	0	431	2.5	2
"0486"	"M"	"M"	"84,3"	20	20	0	0	6045	28.7	-6.4	0	0	1163	5.5	-1.2	0	0	1130	5.4	-2.3	0	0	1049	5	-0.4	0	0	5856	27.8	0.8	0	0	971	4.6	0.4	0	0	1217	5.8	-0.9	0	0	3107	14.7	8.4	0	0	409	1.9	1.7
"1260"	"S"	"S"	"79,8"	8	8	0	0	1401	16.8	-9	0	0	264	3.2	-0.6	0	0	216	2.6	-2.3	0	0	183	2.2	-0.5	0	0	3392	40.8	0.1	0	0	292	3.5	0.3	0	0	293	3.5	0.1	0	0	2129	25.6	10.7	0	0	81	1	0.8
"1284"	"M"	"M"	"86,1"	15	15	0	0	5565	33.7	-8.5	0	0	872	5.3	0	0	0	1043	6.3	-2.8	0	0	899	5.4	-1.3	0	0	3649	22.1	1.6	0	0	491	3	0.4	0	0	1036	6.3	0.5	0	0	2460	14.9	8.6	0	0	327	2	1.8
"2280"	"S"	"S"	"83,6"	16	16	0	0	2469	15.5	-6.8	0	0	1038	6.5	-0.9	0	0	525	3.3	-2.2	0	0	534	3.3	-0.8	0	0	6950	43.5	3.1	0	0	999	6.3	-0.2	0	0	1084	6.8	-1.2	0	0	1771	11.1	7.1	0	0	466	2.9	2.3
"1263"	"M"	"M"	"87,0"	11	11	0	0	3368	26.7	-12.7	0	0	558	4.4	0.4	0	0	672	5.3	-1.9	0	0	370	2.9	-0.3	0	0	3367	26.7	2.5	0	0	254	2	-0.2	0	0	641	5.1	0.6	0	0	3062	24.3	10.9	0	0	182	1.4	1.2
"0680"	"S"	"S"	"85,2"	69	69	0	0	18522	21.9	-5.9	0	0	4940	5.8	0.5	0	0	3495	4.1	-2.2	0	0	9459	11.2	-2.4	0	0	26034	30.7	1	0	0	3879	4.6	-0.2	0	0	5659	6.7	0.3	0	0	10712	12.6	7.1	0	0	1515	1.8	1.6
"1961"	"S"	"S"	"80,7"	8	8	0	0	1383	14.9	-5.4	0	0	355	3.8	0.3	0	0	362	3.9	-2.2	0	0	308	3.3	-1	0	0	4198	45.2	-1.9	0	0	568	6.1	-1.1	0	0	359	3.9	-0.8	0	0	1534	16.5	10.9	0	0	113	1.2	1.1
"0488"	"M"	"M"	"87,3"	7	7	0	0	2498	32.1	-9.2	0	0	498	6.4	1.2	0	0	392	5	-2	0	0	336	4.3	-1.1	0	0	2097	27	3.3	0	0	268	3.4	0	0	0	503	6.5	-0.8	0	0	948	12.2	6.4	0	0	164	2.1	1.9
"2081"	"S"	"S"	"84,9"	25	25	0	0	5626	18	-5.2	0	0	1593	5.1	-0.2	0	0	1147	3.7	-1.3	0	0	991	3.2	-0.3	0	0	11675	37.4	-2.3	0	0	1909	6.1	-0.5	0	0	1716	5.5	-0.5	0	0	5513	17.7	8.4	0	0	710	2.3	1.9
"1384"	"M"	"M"	"87,4"	40	41	0	0	18621	37.9	-7.5	0	0	3795	7.7	0.2	0	0	4039	8.2	-1.6	0	0	2762	5.6	-1.9	0	0	8367	17	1.2	0	0	1408	2.9	0.3	0	0	2903	5.9	0.3	0	0	5928	12.1	7.5	0	0	921	1.9	1.5
"2580"	"S"	"S"	"85,8"	44	44	0	0	8003	15.9	-4.1	0	0	2316	4.6	-0.4	0	0	2217	4.4	-1.3	0	0	1628	3.2	-0.3	0	0	22734	45	-1.2	0	0	3772	7.5	-0.2	0	0	3277	6.5	-0.6	0	0	4459	8.8	5.4	0	0	1476	2.9	2.6
"2480"	"S"	"S"	"86,7"	64	64	0	0	12923	16.5	-4.3	0	0	4358	5.6	-1.3	0	0	3861	4.9	-1.7	0	0	3015	3.9	-1	0	0	28526	36.4	0.8	0	0	9637	12.3	1.3	0	0	6234	8	-2.3	0	0	4406	5.6	3.3	0	0	4616	5.9	5.2
"2584"	"S"	"S"	"82,8"	17	17	0	0	1510	10.3	-2.8	0	0	430	2.9	0.4	0	0	325	2.2	-1	0	0	488	3.3	0.2	0	0	6955	47.5	-4.5	0	0	1708	11.7	-2.4	0	0	749	5.1	0	0	0	1952	13.3	7.6	0	0	396	2.7	2.4
"1230"	"M"	"M"	"88,1"	13	13	0	0	4514	31.2	-11.4	0	0	775	5.4	0.2	0	0	910	6.3	-1.7	0	0	489	3.4	-0.4	0	0	3680	25.4	3	0	0	338	2.3	0.2	0	0	854	5.9	0.9	0	0	2506	17.3	8.7	0	0	241	1.7	1.4
"1880"	"S"	"S"	"85,0"	83	83	0	0	18874	21	-5	0	0	4625	5.1	0.3	0	0	4806	5.3	-2.3	0	0	5621	6.2	-0.8	0	0	29343	32.6	-1.7	0	0	5118	5.7	-0.1	0	0	7442	8.3	0.3	0	0	10495	11.7	6.1	0	0	2905	3.2	2.9
"1780"	"S"	"S"	"85,4"	51	51	0	0	13788	23.2	-6.6	0	0	3389	5.7	0.2	0	0	3155	5.3	-2.2	0	0	2697	4.5	-0.8	0	0	20764	35	1.8	0	0	3222	5.4	0	0	0	4505	7.6	-0.3	0	0	5689	9.6	5.4	0	0	1718	2.9	2.6
"1380"	"S"	"S"	"83,7"	56	56	0	0	14959	24.5	-6.9	0	0	3829	6.3	0.2	0	0	3235	5.3	-2.3	0	0	2402	3.9	-1.2	0	0	20611	33.7	1	0	0	2735	4.5	0.5	0	0	3729	6.1	-0.2	0	0	7639	12.5	7.2	0	0	1061	1.7	1.6
"1488"	"S"	"S"	"82,7"	31	31	0	0	6158	17.8	-6.1	0	0	1437	4.2	0.5	0	0	1795	5.2	-2.2	0	0	1267	3.7	-0.7	0	0	14115	40.8	-1.6	0	0	2000	5.8	0	0	0	2086	6	-0.6	0	0	4717	13.6	8.7	0	0	776	2.2	1.9
"0580"	"S"	"S"	"85,3"	95	95	0	0	23453	24.1	-6.4	0	0	5954	6.1	-0.2	0	0	6686	6.9	-1.9	0	0	5652	5.8	-0.6	0	0	28512	29.4	1.5	0	0	4545	4.7	0	0	0	7808	8	-1.2	0	0	10980	11.3	6.8	0	0	2412	2.5	2.1
"1907"	"S"	"S"	"82,7"	6	6	0	0	826	13.5	-5.8	0	0	223	3.7	0.9	0	0	210	3.4	-2.2	0	0	141	2.3	-0.6	0	0	2782	45.6	-3.8	0	0	440	7.2	-0.7	0	0	206	3.4	-0.7	0	0	1117	18.3	11.4	0	0	92	1.5	1.4
"1261"	"M"	"M"	"87,9"	17	17	0	0	5548	29.3	-10.5	0	0	1066	5.6	0.3	0	0	1214	6.4	-2.2	0	0	539	2.8	-0.8	0	0	5164	27.3	1.8	0	0	382	2	-0.1	0	0	1093	5.8	1.1	0	0	3578	18.9	9.8	0	0	212	1.1	0.9
"1883"	"S"	"S"	"83,8"	16	16	0	0	3653	18.9	-4.3	0	0	664	3.4	0.3	0	0	633	3.3	-2	0	0	706	3.6	-1.2	0	0	8670	44.8	-1.8	0	0	991	5.1	-0.2	0	0	893	4.6	-0.7	0	0	2727	14.1	9.4	0	0	231	1.2	1
"0484"	"S"	"S"	"82,7"	59	59	0	0	12865	21.4	-4.7	0	0	2583	4.3	-0.3	0	0	2640	4.4	-2.3	0	0	2174	3.6	-0.8	0	0	21321	35.5	-0.5	0	0	3207	5.3	-0.1	0	0	3613	6	-1.8	0	0	9970	16.6	8.7	0	0	1170	1.9	1.8
"0115"	"M"	"M"	"85,9"	17	17	0	0	6979	36.3	-8.4	0	0	1317	6.9	-0.4	0	0	1345	7	-1.8	0	0	947	4.9	-1.6	0	0	3786	19.7	2.8	0	0	617	3.2	0.2	0	0	1566	8.1	0.7	0	0	1990	10.4	6.4	0	0	435	2.3	1.9
"1980"	"S"	"S"	"83,6"	82	82	0	0	22123	24.7	-5.5	0	0	4027	4.5	0.2	0	0	5787	6.5	-2.4	0	0	4011	4.5	-0.6	0	0	29291	32.7	-0.2	0	0	4589	5.1	0.3	0	0	5174	5.8	-0.5	0	0	11656	13	7.1	0	0	2034	2.3	2.1
"0380"	"S"	"S"	"86,0"	163	163	0	0	29724	22.3	-7.3	0	0	7943	6	-1.6	0	0	9907	7.4	-1.7	0	0	6951	5.2	-1.3	0	0	34666	26	1.9	0	0	10219	7.7	1.4	0	0	13919	10.4	-0.6	0	0	10921	8.2	4.3	0	0	7342	5.5	4.7
"0581"	"S"	"S"	"83,3"	72	72	0	0	19479	23.2	-7	0	0	3745	4.5	-0.2	0	0	3787	4.5	-1.5	0	0	3846	4.6	-0.7	0	0	26071	31	-1.5	0	0	4569	5.4	-0.2	0	0	5704	6.8	-1	0	0	13785	16.4	10.3	0	0	2193	2.6	2.2
"0192"	"S"	"S"	"82,4"	18	18	0	0	4337	26.4	-8.6	0	0	708	4.3	-0.2	0	0	885	5.4	-1	0	0	639	3.9	-1	0	0	5055	30.7	1.3	0	0	832	5.1	-0.3	0	0	1027	6.2	-0.8	0	0	2414	14.7	8.6	0	0	367	2.2	1.9
"1490"	"S"	"S"	"83,0"	81	81	0	0	15289	23.2	-5.9	0	0	3250	4.9	0.2	0	0	3421	5.2	-2.5	0	0	3409	5.2	-1	0	0	20810	31.6	-0.4	0	0	3748	5.7	0.1	0	0	4397	6.7	0.3	0	0	9528	14.5	7.4	0	0	1393	2.1	1.9
"2460"	"S"	"S"	"84,8"	5	5	0	0	706	12.8	-5.5	0	0	588	10.7	-0.8	0	0	187	3.4	-1.9	0	0	259	4.7	-0.8	0	0	2198	39.9	-1	0	0	680	12.3	2	0	0	235	4.3	-0.5	0	0	465	8.4	5.8	0	0	140	2.5	2.3
"0140"	"M"	"M"	"80,8"	5	5	0	0	1751	31.8	-10.1	0	0	326	5.9	0.9	0	0	242	4.4	-2.7	0	0	215	3.9	-1.2	0	0	1469	26.6	2.6	0	0	134	2.4	0	0	0	299	5.4	-0.6	0	0	970	17.6	10.5	0	0	65	1.2	1
"1233"	"M"	"M"	"88,9"	19	19	0	0	11074	48.4	-10.5	0	0	991	4.3	0.1	0	0	1792	7.8	-0.8	0	0	1053	4.6	-1.5	0	0	2753	12	2.5	0	0	224	1	0.1	0	0	807	3.5	0.4	0	0	3799	16.6	9.6	0	0	226	1	0.8
"0125"	"M"	"M"	"87,8"	15	15	0	0	6390	38.9	-8.4	0	0	1165	7.1	-0.2	0	0	1205	7.3	-2.1	0	0	1033	6.3	-0.9	0	0	2664	16.2	2.9	0	0	525	3.2	0.1	0	0	1331	8.1	0.2	0	0	1542	9.4	6	0	0	456	2.8	2.4
"2180"	"S"	"S"	"84,4"	52	52	0	0	13052	20.9	-6.2	0	0	2678	4.3	-0.3	0	0	3147	5	-1.8	0	0	2019	3.2	-0.6	0	0	21402	34.3	-0.5	0	0	4179	6.7	-0.1	0	0	3772	6	-1.3	0	0	9933	15.9	8.4	0	0	1573	2.5	2.2
"1982"	"S"	"S"	"81,5"	7	7	0	0	1166	15.4	-5.7	0	0	187	2.5	-0.9	0	0	202	2.7	-2.2	0	0	201	2.6	-1	0	0	3427	45.1	0.6	0	0	490	6.5	-2.4	0	0	311	4.1	-0.8	0	0	1432	18.9	11	0	0	115	1.5	1.4
"1441"	"M"	"M"	"88,2"	24	24	0	0	6970	27.4	-7.7	0	0	1530	6	0.9	0	0	2013	7.9	-2.2	0	0	1440	5.7	-1.3	0	0	6018	23.6	1.2	0	0	1278	5	-0.1	0	0	2143	8.4	-0.3	0	0	3077	12.1	6.7	0	0	789	3.1	2.7
"0120"	"M"	"M"	"86,0"	22	22	0	0	9064	37.4	-8.4	0	0	1287	5.3	-0.5	0	0	1525	6.3	-1.4	0	0	1047	4.3	-1.1	0	0	4976	20.5	2.6	0	0	916	3.8	0.2	0	0	2002	8.3	-0.2	0	0	2516	10.4	6.3	0	0	745	3.1	2.5
"0883"	"S"	"S"	"84,3"	23	23	0	0	4650	19.3	-6.5	0	0	1921	8	0.6	0	0	903	3.7	-1.7	0	0	924	3.8	-0.9	0	0	9511	39.4	-0.7	0	0	1244	5.2	0.1	0	0	1065	4.4	-0.9	0	0	3289	13.6	8.5	0	0	409	1.7	1.3
"1282"	"S"	"S"	"80,4"	22	22	0	0	4909	19.8	-8.3	0	0	699	2.8	0.3	0	0	1717	6.9	-4.8	0	0	489	2	-0.5	0	0	9325	37.6	1.5	0	0	1038	4.2	0.1	0	0	1207	4.9	0.6	0	0	4693	18.9	9	0	0	470	1.9	1.7
"0191"	"M"	"M"	"77,3"	23	23	0	0	6915	30.2	-8.1	0	0	990	4.3	-0.1	0	0	1165	5.1	-2	0	0	1191	5.2	-0.7	0	0	6501	28.4	0.3	0	0	1057	4.6	0.8	0	0	1462	6.4	0.1	0	0	2953	12.9	7.9	0	0	442	1.9	1.7
"1401"	"M"	"M"	"88,0"	20	20	0	0	6718	29.5	-6.6	0	0	1414	6.2	0.2	0	0	1874	8.2	-2.3	0	0	1121	4.9	-1.5	0	0	5143	22.6	0.6	0	0	1036	4.6	0	0	0	1794	7.9	0.4	0	0	2881	12.7	7	0	0	570	2.5	2.2
"1281"	"S"	"S"	"85,6"	74	74	0	0	16477	22.6	-9.4	0	0	4162	5.7	-1	0	0	7136	9.8	-1.4	0	0	2922	4	-1	0	0	16690	22.8	3.1	0	0	4692	6.4	0.7	0	0	8913	12.2	-0.4	0	0	6822	9.3	4.3	0	0	4295	5.9	5.1
"1262"	"M"	"M"	"90,5"	12	12	0	0	6016	39.9	-9.8	0	0	881	5.8	0.3	0	0	1490	9.9	-0.8	0	0	758	5	-0.5	0	0	2636	17.5	3.2	0	0	197	1.3	-0.1	0	0	850	5.6	0.9	0	0	1915	12.7	6.8	0	0	233	1.5	1.3
"0117"	"M"	"M"	"83,9"	21	21	0	0	9171	37.5	-8.1	0	0	1396	5.7	-0.1	0	0	1864	7.6	-1.6	0	0	1249	5.1	-1.1	0	0	4987	20.4	2.5	0	0	883	3.6	0.3	0	0	1891	7.7	0.3	0	0	2374	9.7	6.2	0	0	475	1.9	1.6
"0139"	"S"	"S"	"83,4"	12	12	0	0	3949	27.3	-7.8	0	0	583	4	-0.2	0	0	972	6.7	-1.5	0	0	813	5.6	-1.4	0	0	4313	29.8	2	0	0	702	4.8	0.4	0	0	916	6.3	-0.4	0	0	1784	12.3	7.1	0	0	263	1.8	1.5
"1761"	"S"	"S"	"88,7"	8	8	0	0	2603	25.8	-5.6	0	0	515	5.1	0.6	0	0	525	5.2	-2.3	0	0	486	4.8	-0.8	0	0	3834	37.9	2.6	0	0	465	4.6	-0.4	0	0	600	5.9	0.3	0	0	840	8.3	4.4	0	0	176	1.7	1.4
"1283"	"S"	"S"	"81,1"	80	80	0	0	22267	27.3	-8.9	0	0	2729	3.3	0	0	0	4242	5.2	-2.7	0	0	2796	3.4	-0.9	0	0	24279	29.7	1.9	0	0	3349	4.1	0.7	0	0	5434	6.7	0.2	0	0	14341	17.6	8.5	0	0	1527	1.9	1.6
"0181"	"S"	"S"	"75,9"	48	48	0	0	10582	23.1	-6.3	0	0	1759	3.8	0	0	0	2124	4.6	-1.6	0	0	3159	6.9	1.5	0	0	14702	32.1	-2.1	0	0	2664	5.8	0.6	0	0	3289	7.2	-1	0	0	5659	12.4	6.8	0	0	1207	2.6	2.3
"0187"	"M"	"M"	"84,4"	6	6	0	0	2846	41.4	-7.1	0	0	550	8	-0.6	0	0	601	8.7	-0.4	0	0	379	5.5	-1.3	0	0	1038	15.1	2.4	0	0	209	3	0.1	0	0	567	8.2	0.7	0	0	457	6.6	4	0	0	176	2.6	2.2
"1481"	"M"	"M"	"84,7"	41	41	0	0	9999	25.5	-7.3	0	0	1988	5.1	0.3	0	0	3292	8.4	-1.9	0	0	2116	5.4	-1.2	0	0	9940	25.4	0.4	0	0	2257	5.8	0.5	0	0	3501	8.9	0.5	0	0	4544	11.6	6	0	0	1181	3	2.6
"2463"	"S"	"S"	"79,0"	2	2	0	0	204	11.6	-2.2	0	0	183	10.4	1.1	0	0	90	5.1	-0.5	0	0	57	3.2	-2.3	0	0	792	45.1	-7	0	0	165	9.4	2.3	0	0	33	1.9	0.3	0	0	191	10.9	7.1	0	0	28	1.6	0
"0136"	"S"	"S"	"80,0"	46	46	0	0	12752	28.6	-8.2	0	0	1564	3.5	-0.4	0	0	2316	5.2	-1.7	0	0	1629	3.6	-0.8	0	0	13567	30.4	2.2	0	0	2291	5.1	0.1	0	0	3327	7.5	0.2	0	0	5547	12.4	6.7	0	0	985	2.2	1.9
"0481"	"S"	"S"	"83,1"	7	7	0	0	1257	17.2	-5.9	0	0	194	2.6	-0.2	0	0	247	3.4	-1.9	0	0	199	2.7	-0.7	0	0	3238	44.2	-0.4	0	0	584	8	0.3	0	0	378	5.2	-1.9	0	0	1034	14.1	9.3	0	0	140	1.9	1.6
"0162"	"M"	"M"	"84,3"	20	20	0	0	9812	49.8	-1.7	0	0	1424	7.2	-4.2	0	0	2361	12	1.7	0	0	2115	10.7	-2.8	0	0	1368	6.9	1.1	0	0	254	1.3	0.1	0	0	879	4.5	0.6	0	0	1048	5.3	3.6	0	0	335	1.7	1.4
"1231"	"S"	"S"	"77,0"	10	10	0	0	1916	20.8	-10.1	0	0	273	3	0.3	0	0	452	4.9	-2.1	0	0	161	1.8	-0.7	0	0	3423	37.2	3.6	0	0	403	4.4	0.6	0	0	523	5.7	0.5	0	0	1806	19.6	7.1	0	0	162	1.8	1.5
"1407"	"M"	"M"	"87,8"	12	12	0	0	2573	30.2	-6.1	0	0	242	2.8	0.1	0	0	585	6.9	-1.4	0	0	1451	17	-2.3	0	0	1762	20.7	1.7	0	0	334	3.9	0.8	0	0	440	5.2	-0.6	0	0	905	10.6	6.1	0	0	186	2.2	1.7
"0114"	"S"	"S"	"81,3"	22	22	0	0	6748	28.5	-8.4	0	0	901	3.8	-0.2	0	0	1451	6.1	-2.1	0	0	1053	4.5	-1.1	0	0	7146	30.2	3.3	0	0	1378	5.8	0.7	0	0	1591	6.7	-0.3	0	0	2597	11	6.1	0	0	469	2	1.8
"1280"	"S"	"S"	"77,2"	189	189	0	0	39966	23.1	-9.6	0	0	4712	2.7	-0.1	0	0	9617	5.6	-1.5	0	0	4467	2.6	-0.6	0	0	50926	29.4	1	0	0	13070	7.6	1.6	0	0	14631	8.5	-0.2	0	0	23615	13.7	5.6	0	0	9487	5.5	4.8
"0160"	"M"	"M"	"86,4"	38	38	0	0	19041	45.3	-5.4	0	0	2717	6.5	-1.4	0	0	4758	11.3	-0.1	0	0	2960	7	-1.8	0	0	5282	12.6	1.8	0	0	918	2.2	0.2	0	0	2555	6.1	0.9	0	0	2710	6.4	4.1	0	0	773	1.8	1.5
"1402"	"M"	"M"	"83,7"	18	18	0	0	6123	27.3	-6.6	0	0	1013	4.5	0.5	0	0	1787	8	-2	0	0	1216	5.4	-1.6	0	0	5597	25	0.1	0	0	1353	6	0.9	0	0	1769	7.9	0.4	0	0	2628	11.7	5.9	0	0	650	2.9	2.4
"1480"	"S"	"S"	"79,9"	297	297	0	0	76358	23.7	-6.5	0	0	12211	3.8	0	0	0	23330	7.2	-1.2	0	0	14953	4.6	-1.5	0	0	76692	23.8	-1.6	0	0	30288	9.4	0.9	0	0	31278	9.7	-0.9	0	0	31275	9.7	4.8	0	0	20633	6.4	5.6
"0127"	"S"	"S"	"74,6"	48	48	0	0	9356	22.3	-7.8	0	0	1155	2.8	-0.1	0	0	2020	4.8	-1.4	0	0	2400	5.7	0.6	0	0	15051	35.9	0.5	0	0	2848	6.8	-0.3	0	0	3302	7.9	1	0	0	4377	10.4	5.4	0	0	974	2.3	2
"0186"	"M"	"M"	"85,8"	25	25	0	0	12649	44.5	-4	0	0	2028	7.1	-3.1	0	0	3329	11.7	0.9	0	0	2260	7.9	-2.2	0	0	3147	11.1	1.8	0	0	573	2	0.1	0	0	1824	6.4	0.8	0	0	1837	6.5	3.8	0	0	692	2.4	2.1
"0128"	"M"	"M"	"84,2"	8	8	0	0	2875	30.8	-7.7	0	0	493	5.3	-0.5	0	0	652	7	-2.3	0	0	538	5.8	0.3	0	0	2320	24.9	2.3	0	0	392	4.2	0.2	0	0	714	7.7	-0.1	0	0	1053	11.3	6.1	0	0	212	2.3	2
"0163"	"M"	"M"	"84,4"	39	39	0	0	14536	36.2	-6.1	0	0	2253	5.6	-1.4	0	0	3562	8.9	-1	0	0	2590	6.4	-1.3	0	0	8083	20.1	2.4	0	0	1674	4.2	0.4	0	0	3247	8.1	1	0	0	2879	7.2	4	0	0	993	2.5	2.2
"0182"	"M"	"M"	"85,5"	44	44	0	0	21118	37.1	-6.8	0	0	3618	6.4	-1	0	0	4864	8.5	-0.5	0	0	3003	5.3	-1.7	0	0	10178	17.9	1.8	0	0	2412	4.2	0.2	0	0	5366	9.4	0.8	0	0	3693	6.5	3.7	0	0	2192	3.9	3.3
"0184"	"M"	"M"	"82,0"	41	41	0	0	13284	29.8	-8.2	0	0	2183	4.9	-0.9	0	0	3615	8.1	-1	0	0	1993	4.5	-1	0	0	10142	22.8	2.1	0	0	2963	6.7	0.6	0	0	4390	9.9	-0.1	0	0	3459	7.8	4.3	0	0	2056	4.6	4
"0180"	"M"	"M"	"82,1"	537	537	0	0	151821	27.6	-6.6	0	0	26909	4.9	-1.5	0	0	43322	7.9	-0.8	0	0	23604	4.3	-1.1	0	0	119588	21.7	0.9	0	0	42860	7.8	0.4	0	0	61242	11.1	-1	0	0	36756	6.7	3.5	0	0	39571	7.2	6.3
"0126"	"M"	"M"	"80,8"	56	56	0	0	16855	30.5	-8.3	0	0	2365	4.3	-0.2	0	0	3328	6	-1.7	0	0	2279	4.1	-1.1	0	0	14884	26.9	2.2	0	0	2938	5.3	0	0	0	4651	8.4	0.8	0	0	5795	10.5	5.7	0	0	1615	2.9	2.4
"0123"	"M"	"M"	"82,4"	37	37	0	0	11851	29.2	-7.2	0	0	1631	4	-0.2	0	0	2505	6.2	-2.3	0	0	2039	5	-1	0	0	11514	28.4	2.6	0	0	2360	5.8	0.6	0	0	3116	7.7	-0.1	0	0	4163	10.3	5.4	0	0	960	2.4	2.1
"0138"	"M"	"M"	"84,8"	24	24	0	0	9303	34.5	-7.6	0	0	1229	4.6	-0.2	0	0	1749	6.5	-2	0	0	1241	4.6	-1	0	0	6530	24.2	2.7	0	0	1157	4.3	0.4	0	0	2214	8.2	0.1	0	0	2599	9.7	5.6	0	0	661	2.5	2.1
"0183"	"S"	"S"	"81,2"	24	24	0	0	6764	27.1	-7.4	0	0	1026	4.1	-0.4	0	0	1537	6.2	-1.7	0	0	890	3.6	-0.4	0	0	6943	27.8	1.8	0	0	1780	7.1	0.2	0	0	2507	10.1	0.2	0	0	2285	9.2	4.7	0	0	914	3.7	3.1
